Player 1,Player 2,Team,Assists,2pt,3pt,Rim,SMR,LMR,C3,AB3
C. Capela,D. Murray,ATL,22,10,12,3,3,4,6,6.0
C. Capela,Bogdan Bogdanovic,ATL,21,9,12,1,6,2,5,7.0
C. Capela,D. Hunter,ATL,16,9,7,4,4,1,2,5.0
C. Capela,T. Young,ATL,10,7,3,3,4,0,0,3.0
C. Capela,S. Bey,ATL,7,5,2,2,2,1,1,1.0
C. Capela,J. Johnson,ATL,6,3,3,1,2,0,2,1.0
D. Murray,D. Hunter,ATL,85,47,38,25,16,6,14,24.0
D. Murray,Bogdan Bogdanovic,ATL,82,29,53,10,14,5,7,46.0
D. Murray,J. Johnson,ATL,73,48,25,33,14,1,3,22.0
D. Murray,C. Capela,ATL,68,68,0,47,21,0,0,0.0
D. Murray,S. Bey,ATL,61,27,34,17,9,1,16,18.0
D. Murray,T. Young,ATL,34,16,18,7,6,3,1,17.0
S. Bey,D. Murray,ATL,22,12,10,5,5,2,1,9.0
S. Bey,J. Johnson,ATL,20,13,7,7,6,0,4,3.0
S. Bey,Bogdan Bogdanovic,ATL,11,6,5,1,5,0,4,1.0
S. Bey,T. Young,ATL,10,5,5,1,3,1,0,5.0
S. Bey,C. Capela,ATL,10,10,0,8,2,0,0,0.0
S. Bey,O. Okongwu,ATL,6,4,2,4,0,0,2,0.0
Bogdan Bogdanovic,C. Capela,ATL,39,39,0,33,6,0,0,0.0
Bogdan Bogdanovic,D. Murray,ATL,33,17,16,6,9,2,7,9.0
Bogdan Bogdanovic,O. Okongwu,ATL,33,32,1,23,9,0,1,0.0
Bogdan Bogdanovic,J. Johnson,ATL,27,21,6,17,4,0,2,4.0
Bogdan Bogdanovic,D. Hunter,ATL,27,11,16,6,2,3,10,6.0
Bogdan Bogdanovic,S. Bey,ATL,25,7,18,7,0,0,9,9.0
Bogdan Bogdanovic,T. Young,ATL,22,7,15,3,4,0,5,10.0
D. Hunter,D. Murray,ATL,30,15,15,6,6,3,5,10.0
D. Hunter,Bogdan Bogdanovic,ATL,13,5,8,1,2,2,3,5.0
D. Hunter,C. Capela,ATL,7,7,0,5,2,0,0,0.0
J. Johnson,Bogdan Bogdanovic,ATL,30,14,16,7,5,2,10,6.0
J. Johnson,D. Murray,ATL,29,12,17,7,2,3,6,11.0
J. Johnson,C. Capela,ATL,28,28,0,23,5,0,0,0.0
J. Johnson,T. Young,ATL,26,16,10,7,8,1,0,10.0
J. Johnson,S. Bey,ATL,24,12,12,12,0,0,6,6.0
T. Young,Bogdan Bogdanovic,ATL,123,43,80,23,15,5,16,64.0
T. Young,J. Johnson,ATL,102,86,16,63,21,2,4,12.0
T. Young,D. Murray,ATL,78,36,42,19,12,5,19,23.0
T. Young,C. Capela,ATL,70,70,0,64,6,0,0,0.0
T. Young,S. Bey,ATL,49,23,26,21,2,0,10,16.0
O. Okongwu,Bogdan Bogdanovic,ATL,20,10,10,4,5,1,4,6.0
O. Okongwu,S. Bey,ATL,12,5,7,5,0,0,4,3.0
J. Holiday,J. Brown,BOS,27,11,16,6,2,3,10,6.0
J. Holiday,K. Porzingis,BOS,25,7,18,7,0,0,9,9.0
J. Holiday,J. Tatum,BOS,22,7,15,3,4,0,5,10.0
J. Holiday,D. White,BOS,30,15,15,6,6,3,5,10.0
J. Holiday,A. Horford,BOS,13,5,8,1,2,2,3,5.0
J. Holiday,S. Hauser,BOS,7,7,0,5,2,0,0,0.0
J. Tatum,K. Porzingis,BOS,77,47,30,30,13,4,0,30.0
J. Tatum,J. Holiday,BOS,59,31,28,17,13,1,14,14.0
J. Tatum,A. Horford,BOS,53,18,35,13,5,0,20,15.0
J. Tatum,D. White,BOS,49,12,37,7,5,0,11,26.0
J. Tatum,J. Brown,BOS,45,34,11,21,9,4,1,10.0
J. Tatum,S. Hauser,BOS,38,6,32,2,2,2,14,18.0
J. Tatum,P. Pritchard,BOS,18,4,14,3,0,1,3,11.0
J. Brown,K. Porzingis,BOS,64,39,25,30,6,3,0,25.0
J. Brown,D. White,BOS,42,17,25,10,7,0,7,18.0
J. Brown,J. Holiday,BOS,33,19,14,10,9,0,5,9.0
J. Brown,J. Tatum,BOS,31,17,14,14,3,0,1,13.0
J. Brown,A. Horford,BOS,21,7,14,7,0,0,2,12.0
D. White,J. Brown,BOS,84,58,26,38,15,5,9,17.0
D. White,J. Tatum,BOS,73,40,33,31,4,5,2,31.0
D. White,K. Porzingis,BOS,71,52,19,24,20,8,0,19.0
D. White,J. Holiday,BOS,38,16,22,11,4,1,11,11.0
D. White,A. Horford,BOS,37,19,18,13,4,2,10,8.0
D. White,S. Hauser,BOS,24,2,22,2,0,0,6,16.0
K. Porzingis,J. Brown,BOS,29,24,5,17,3,4,2,3.0
K. Porzingis,D. White,BOS,29,12,17,7,3,2,2,15.0
K. Porzingis,J. Tatum,BOS,22,14,8,11,1,2,2,6.0
K. Porzingis,J. Holiday,BOS,11,5,6,4,0,1,4,2.0
A. Horford,J. Brown,BOS,38,28,10,16,8,4,3,7.0
A. Horford,J. Tatum,BOS,31,20,11,15,2,3,1,10.0
A. Horford,D. White,BOS,28,7,21,3,4,0,6,15.0
A. Horford,J. Holiday,BOS,15,3,12,1,2,0,10,2.0
S. Hauser,P. Pritchard,BOS,26,4,22,2,1,1,11,11.0
S. Hauser,J. Tatum,BOS,8,3,5,1,2,0,1,4.0
S. Hauser,J. Holiday,BOS,7,4,3,2,2,0,1,2.0
S. Hauser,D. White,BOS,6,3,3,2,1,0,0,3.0
P. Pritchard,S. Hauser,BOS,55,8,47,2,5,1,14,33.0
P. Pritchard,J. Tatum,BOS,30,21,9,12,4,5,0,9.0
P. Pritchard,L. Kornet,BOS,29,29,0,28,1,0,0,0.0
L. Kornet,P. Pritchard,BOS,11,4,7,1,2,1,2,5.0
Mikal Bridges,C. Thomas,BRK,46,28,18,9,13,6,7,11.0
Mikal Bridges,C. Johnson,BRK,43,11,32,6,3,2,15,17.0
Mikal Bridges,N. Claxton,BRK,35,34,1,25,8,1,1,0.0
Mikal Bridges,D. Finney-Smith,BRK,34,16,18,13,3,0,6,12.0
Mikal Bridges,D. Schroder,BRK,21,8,13,4,4,0,3,10.0
Mikal Bridges,R. O'Neale,BRK,21,5,16,2,3,0,5,11.0
Mikal Bridges,S. Dinwiddie,BRK,20,0,20,0,0,0,5,15.0
Mikal Bridges,D. Smith,BRK,18,9,9,8,1,0,6,3.0
N. Claxton,Mikal Bridges,BRK,38,23,15,10,8,5,5,10.0
N. Claxton,C. Thomas,BRK,32,24,8,8,8,8,0,8.0
N. Claxton,C. Johnson,BRK,23,13,10,7,3,3,1,9.0
N. Claxton,S. Dinwiddie,BRK,12,4,8,2,1,1,4,4.0
N. Claxton,D. Schroder,BRK,4,2,2,0,2,0,0,2.0
D. Finney-Smith,Mikal Bridges,BRK,26,15,11,9,5,1,7,4.0
D. Finney-Smith,N. Claxton,BRK,13,13,0,10,2,1,0,0.0
D. Finney-Smith,C. Thomas,BRK,12,6,6,2,3,1,3,3.0
D. Finney-Smith,C. Johnson,BRK,11,7,4,5,2,0,1,3.0
D. Finney-Smith,S. Dinwiddie,BRK,8,3,5,2,1,0,2,3.0
C. Thomas,Mikal Bridges,BRK,47,23,24,13,9,1,12,12.0
C. Thomas,N. Claxton,BRK,45,45,0,39,6,0,0,0.0
C. Thomas,C. Johnson,BRK,18,7,11,6,1,0,8,3.0
C. Thomas,D. Finney-Smith,BRK,15,7,8,7,0,0,3,5.0
C. Thomas,R. O'Neale,BRK,12,2,10,1,1,0,3,7.0
C. Thomas,S. Dinwiddie,BRK,6,3,3,1,2,0,0,3.0
C. Johnson,Mikal Bridges,BRK,42,13,29,9,3,1,14,15.0
C. Johnson,N. Claxton,BRK,22,22,0,15,6,1,0,0.0
C. Johnson,C. Thomas,BRK,14,8,6,4,2,2,1,5.0
C. Johnson,D. Finney-Smith,BRK,12,4,8,3,1,0,3,5.0
C. Johnson,S. Dinwiddie,BRK,9,0,9,0,0,0,3,6.0
S. Dinwiddie,Mikal Bridges,BRK,56,26,30,18,6,2,11,19.0
S. Dinwiddie,C. Johnson,BRK,52,16,36,13,3,0,16,20.0
S. Dinwiddie,N. Claxton,BRK,45,45,0,35,9,1,0,0.0
S. Dinwiddie,D. Finney-Smith,BRK,41,10,31,7,3,0,13,18.0
S. Dinwiddie,C. Thomas,BRK,23,17,6,9,5,3,4,2.0
D. Schroder,N. Claxton,BRK,47,47,0,41,5,1,0,0.0
D. Schroder,Mikal Bridges,BRK,36,12,24,8,4,0,4,20.0
R. O'Neale,Mikal Bridges,BRK,23,14,9,9,4,1,5,4.0
R. O'Neale,C. Thomas,BRK,22,12,10,5,6,1,4,6.0
D. Smith,Mikal Bridges,BRK,28,12,16,6,4,2,6,10.0
Miles Bridges,B. Miller,CHO,55,18,37,4,8,6,7,30.0
Miles Bridges,N. Richards,CHO,23,23,0,19,4,0,0,0.0
Miles Bridges,T. Rozier,CHO,18,10,8,6,1,3,3,5.0
Miles Bridges,P. Washington,CHO,15,11,4,6,5,0,1,3.0
Miles Bridges,Cody Martin,CHO,13,8,5,6,2,0,2,3.0
Miles Bridges,V. Micic,CHO,10,7,3,5,1,1,1,2.0
Miles Bridges,G. Williams,CHO,9,7,2,6,1,0,0,2.0
Miles Bridges,Tre Mann,CHO,8,3,5,3,0,0,2,3.0
Miles Bridges,I. Smith,CHO,1,0,1,0,0,0,1,0.0
B. Miller,Miles Bridges,CHO,50,27,23,22,3,2,4,19.0
B. Miller,G. Williams,CHO,18,15,3,10,5,0,0,3.0
B. Miller,G. Hayward,CHO,17,10,7,7,1,2,2,5.0
B. Miller,N. Richards,CHO,13,13,0,11,2,0,0,0.0
B. Miller,P. Washington,CHO,13,7,6,6,1,0,0,6.0
B. Miller,T. Rozier,CHO,7,1,6,0,1,0,1,5.0
B. Miller,Tre Mann,CHO,5,2,3,2,0,0,1,2.0
B. Miller,V. Micic,CHO,3,2,1,1,0,1,0,1.0
N. Richards,Miles Bridges,CHO,9,8,1,7,1,0,0,1.0
N. Richards,B. Miller,CHO,8,4,4,1,1,2,1,3.0
N. Richards,Cody Martin,CHO,3,3,0,3,0,0,0,0.0
V. Micic,G. Williams,CHO,50,32,18,23,9,0,3,15.0
V. Micic,Miles Bridges,CHO,46,25,21,20,3,2,6,15.0
V. Micic,B. Miller,CHO,29,14,15,7,3,4,4,11.0
T. Rozier,Miles Bridges,CHO,58,38,20,25,11,2,3,17.0
T. Rozier,P. Washington,CHO,35,14,21,7,7,0,3,18.0
T. Rozier,B. Miller,CHO,30,13,17,7,5,1,2,15.0
P. Washington,Miles Bridges,CHO,19,15,4,8,5,2,0,4.0
P. Washington,B. Miller,CHO,15,7,8,4,1,2,4,4.0
P. Washington,T. Rozier,CHO,15,9,6,3,3,3,1,5.0
Cody Martin,Miles Bridges,CHO,27,15,12,7,5,3,3,9.0
Cody Martin,N. Richards,CHO,16,16,0,13,2,1,0,0.0
G. Williams,B. Miller,CHO,21,11,10,3,3,5,2,8.0
G. Williams,Miles Bridges,CHO,18,11,7,10,1,0,1,6.0
G. Williams,V. Micic,CHO,10,10,0,4,2,4,0,0.0
Tre Mann,Miles Bridges,CHO,26,15,11,7,6,2,4,7.0
Tre Mann,B. Miller,CHO,26,10,16,6,0,4,1,15.0
I. Smith,Miles Bridges,CHO,34,24,10,17,3,4,1,9.0
G. Hayward,B. Miller,CHO,16,9,7,3,4,2,4,3.0
D. DeRozan,N. Vucevic,CHI,99,66,33,24,33,9,4,29.0
D. DeRozan,C. White,CHI,77,21,56,17,4,0,10,46.0
D. DeRozan,A. Dosunmu,CHI,52,29,23,21,7,1,8,15.0
D. DeRozan,A. Drummond,CHI,44,44,0,38,6,0,0,0.0
D. DeRozan,A. Caruso,CHI,44,12,32,7,5,0,10,22.0
D. DeRozan,P. Williams,CHI,24,12,12,5,5,2,4,8.0
C. White,N. Vucevic,CHI,119,94,25,31,46,17,0,25.0
C. White,D. DeRozan,CHI,69,38,31,11,12,15,13,18.0
C. White,A. Dosunmu,CHI,56,31,25,23,6,2,16,9.0
C. White,A. Caruso,CHI,33,10,23,6,4,0,14,9.0
C. White,P. Williams,CHI,31,9,22,4,4,1,10,12.0
C. White,A. Drummond,CHI,21,21,0,11,10,0,0,0.0
C. White,Z. LaVine,CHI,16,8,8,7,0,1,4,4.0
N. Vucevic,C. White,CHI,55,28,27,17,9,2,5,22.0
N. Vucevic,D. DeRozan,CHI,42,34,8,13,4,17,5,3.0
N. Vucevic,A. Dosunmu,CHI,39,13,26,10,1,2,12,14.0
N. Vucevic,A. Caruso,CHI,28,9,19,8,1,0,7,12.0
N. Vucevic,P. Williams,CHI,23,12,11,4,3,5,4,7.0
N. Vucevic,Z. LaVine,CHI,18,11,7,7,1,3,2,5.0
N. Vucevic,T. Craig,CHI,15,5,10,4,1,0,2,8.0
A. Caruso,N. Vucevic,CHI,79,70,9,23,40,7,0,9.0
A. Caruso,C. White,CHI,34,14,20,12,2,0,0,20.0
A. Caruso,D. DeRozan,CHI,29,23,6,11,4,8,1,5.0
A. Caruso,A. Drummond,CHI,28,28,0,24,4,0,0,0.0
A. Caruso,A. Dosunmu,CHI,26,20,6,14,4,2,6,0.0
A. Dosunmu,N. Vucevic,CHI,76,64,12,24,30,10,0,12.0
A. Dosunmu,C. White,CHI,40,16,24,10,4,2,4,20.0
A. Dosunmu,D. DeRozan,CHI,33,27,6,13,3,11,3,3.0
A. Dosunmu,A. Caruso,CHI,24,3,21,2,1,0,10,11.0
A. Dosunmu,A. Drummond,CHI,14,14,0,11,3,0,0,0.0
A. Drummond,A. Dosunmu,CHI,8,4,4,1,1,2,1,3.0
A. Drummond,A. Caruso,CHI,7,5,2,4,1,0,1,1.0
A. Drummond,D. DeRozan,CHI,4,3,1,2,0,1,1,0.0
A. Drummond,C. White,CHI,1,0,1,0,0,0,1,0.0
P. Williams,C. White,CHI,12,3,9,2,1,0,0,9.0
P. Williams,N. Vucevic,CHI,10,8,2,5,1,2,1,1.0
P. Williams,D. DeRozan,CHI,10,8,2,4,1,3,0,2.0
Z. LaVine,N. Vucevic,CHI,42,35,7,8,18,9,2,5.0
Z. LaVine,C. White,CHI,21,4,17,3,0,1,6,11.0
T. Craig,N. Vucevic,CHI,10,10,0,4,5,1,0,0.0
J. Allen,Donovan Mitchell,CLE,34,20,14,9,1,10,0,14.0
J. Allen,M. Strus,CLE,34,19,15,13,4,2,1,14.0
J. Allen,D. Garland,CLE,32,19,13,7,7,5,0,13.0
J. Allen,I. Okoro,CLE,26,17,9,10,6,1,6,3.0
J. Allen,C. LeVert,CLE,17,14,3,11,3,0,0,3.0
M. Strus,J. Allen,CLE,83,83,0,48,30,5,0,0.0
M. Strus,E. Mobley,CLE,44,43,1,33,7,3,1,0.0
M. Strus,Donovan Mitchell,CLE,38,15,23,11,4,0,1,22.0
M. Strus,I. Okoro,CLE,24,17,7,14,3,0,3,4.0
M. Strus,C. LeVert,CLE,23,10,13,8,2,0,4,9.0
M. Strus,D. Garland,CLE,21,10,11,6,1,3,5,6.0
Donovan Mitchell,J. Allen,CLE,80,80,0,61,17,2,0,0.0
Donovan Mitchell,M. Strus,CLE,57,17,40,15,2,0,11,29.0
Donovan Mitchell,C. LeVert,CLE,38,18,20,11,7,0,4,16.0
Donovan Mitchell,I. Okoro,CLE,32,20,12,18,2,0,11,1.0
Donovan Mitchell,E. Mobley,CLE,29,25,4,18,7,0,2,2.0
D. Garland,J. Allen,CLE,93,93,0,65,27,1,0,0.0
D. Garland,E. Mobley,CLE,67,63,4,51,9,3,2,2.0
D. Garland,G. Niang,CLE,47,20,27,16,4,0,9,18.0
D. Garland,M. Strus,CLE,45,15,30,10,4,1,7,23.0
D. Garland,I. Okoro,CLE,29,15,14,13,1,1,10,4.0
D. Garland,C. LeVert,CLE,24,15,9,13,2,0,4,5.0
I. Okoro,J. Allen,CLE,33,33,0,22,10,1,0,0.0
I. Okoro,M. Strus,CLE,15,7,8,6,0,1,1,7.0
I. Okoro,Donovan Mitchell,CLE,14,9,5,2,4,3,1,4.0
I. Okoro,C. LeVert,CLE,14,10,4,8,1,1,2,2.0
I. Okoro,G. Niang,CLE,11,2,9,1,1,0,3,6.0
I. Okoro,D. Garland,CLE,6,1,5,0,1,0,3,2.0
C. LeVert,G. Niang,CLE,59,25,34,6,17,2,11,23.0
C. LeVert,J. Allen,CLE,59,59,0,42,15,2,0,0.0
C. LeVert,I. Okoro,CLE,43,25,18,23,2,0,9,9.0
C. LeVert,Donovan Mitchell,CLE,34,11,23,9,2,0,0,23.0
C. LeVert,M. Strus,CLE,25,9,16,8,1,0,4,12.0
C. LeVert,D. Garland,CLE,25,11,14,6,5,0,2,12.0
G. Niang,C. LeVert,CLE,10,3,7,2,1,0,2,5.0
G. Niang,D. Garland,CLE,10,3,7,2,1,0,1,6.0
G. Niang,I. Okoro,CLE,9,6,3,4,2,0,2,1.0
E. Mobley,M. Strus,CLE,27,12,15,11,1,0,4,11.0
E. Mobley,D. Garland,CLE,22,12,10,7,5,0,3,7.0
E. Mobley,Donovan Mitchell,CLE,13,6,7,2,3,1,0,7.0
L. Doncic,D. Lively,DAL,109,109,0,94,14,1,0,0.0
L. Doncic,K. Irving,DAL,89,42,47,20,15,7,13,34.0
L. Doncic,D. Jones,DAL,84,46,38,35,11,0,24,14.0
L. Doncic,T. Hardaway,DAL,79,41,38,17,9,15,15,23.0
L. Doncic,P. Washington,DAL,53,30,23,19,11,0,7,16.0
L. Doncic,Josh Green,DAL,43,25,18,20,5,0,11,7.0
L. Doncic,G. Williams,DAL,43,13,30,5,5,3,12,18.0
L. Doncic,D. Exum,DAL,42,16,26,12,4,0,11,15.0
L. Doncic,M. Kleber,DAL,25,10,15,8,2,0,4,11.0
D. Jones,L. Doncic,DAL,14,8,6,5,2,1,0,6.0
D. Jones,K. Irving,DAL,14,8,6,2,3,3,1,5.0
D. Jones,T. Hardaway,DAL,13,4,9,1,1,2,5,4.0
D. Jones,D. Lively,DAL,1,1,0,1,0,0,0,0.0
K. Irving,T. Hardaway,DAL,57,26,31,9,10,7,7,24.0
K. Irving,L. Doncic,DAL,45,21,24,15,3,3,3,21.0
K. Irving,Josh Green,DAL,41,23,18,18,2,3,10,8.0
K. Irving,D. Jones,DAL,34,21,13,18,3,0,8,5.0
K. Irving,D. Lively,DAL,24,24,0,22,2,0,0,0.0
K. Irving,P. Washington,DAL,15,8,7,3,5,0,1,6.0
T. Hardaway,D. Exum,DAL,18,7,11,6,1,0,5,6.0
T. Hardaway,K. Irving,DAL,17,7,10,3,3,1,1,9.0
T. Hardaway,D. Jones,DAL,17,11,6,8,3,0,4,2.0
T. Hardaway,L. Doncic,DAL,13,8,5,6,1,1,0,5.0
T. Hardaway,G. Williams,DAL,12,3,9,3,0,0,4,5.0
T. Hardaway,Josh Green,DAL,9,4,5,3,0,1,4,1.0
T. Hardaway,D. Lively,DAL,5,5,0,4,1,0,0,0.0
D. Lively,L. Doncic,DAL,14,7,7,2,5,0,0,7.0
D. Lively,T. Hardaway,DAL,14,5,9,1,1,3,1,8.0
D. Lively,K. Irving,DAL,13,10,3,3,5,2,2,1.0
D. Lively,D. Jones,DAL,4,3,1,3,0,0,1,0.0
Josh Green,T. Hardaway,DAL,29,8,21,6,1,1,10,11.0
Josh Green,K. Irving,DAL,19,10,9,6,4,0,1,8.0
Josh Green,L. Doncic,DAL,14,8,6,6,1,1,1,5.0
G. Williams,T. Hardaway,DAL,19,6,13,3,1,2,5,8.0
G. Williams,L. Doncic,DAL,9,3,6,1,2,0,0,6.0
P. Washington,K. Irving,DAL,12,5,7,0,2,3,2,5.0
P. Washington,L. Doncic,DAL,6,5,1,3,2,0,0,1.0
D. Exum,L. Doncic,DAL,26,9,17,4,5,0,0,17.0
D. Exum,T. Hardaway,DAL,25,9,16,3,0,6,3,13.0
M. Kleber,L. Doncic,DAL,11,6,5,3,3,0,0,5.0
K. Caldwell-Pope,N. Jokic,DEN,68,60,8,23,33,4,0,8.0
K. Caldwell-Pope,M. Porter,DEN,46,27,19,17,6,4,8,11.0
K. Caldwell-Pope,A. Gordon,DEN,28,21,7,17,4,0,5,2.0
K. Caldwell-Pope,J. Murray,DEN,17,11,6,8,0,3,1,5.0
K. Caldwell-Pope,R. Jackson,DEN,11,4,7,2,2,0,3,4.0
N. Jokic,M. Porter,DEN,154,83,71,42,12,29,17,54.0
N. Jokic,A. Gordon,DEN,126,117,9,113,4,0,5,4.0
N. Jokic,J. Murray,DEN,110,71,39,37,18,16,1,38.0
N. Jokic,K. Caldwell-Pope,DEN,109,65,44,29,12,24,18,26.0
N. Jokic,R. Jackson,DEN,70,41,29,22,14,5,8,21.0
N. Jokic,P. Watson,DEN,48,36,12,27,6,3,5,7.0
N. Jokic,C. Braun,DEN,46,32,14,26,5,1,5,9.0
M. Porter,N. Jokic,DEN,45,36,9,16,18,2,1,8.0
M. Porter,A. Gordon,DEN,26,24,2,21,1,2,1,1.0
M. Porter,J. Murray,DEN,13,6,7,5,1,0,1,6.0
M. Porter,K. Caldwell-Pope,DEN,13,4,9,2,1,1,6,3.0
M. Porter,R. Jackson,DEN,8,4,4,4,0,0,3,1.0
A. Gordon,M. Porter,DEN,83,36,47,17,8,11,10,37.0
A. Gordon,N. Jokic,DEN,60,50,10,28,19,3,0,10.0
A. Gordon,K. Caldwell-Pope,DEN,36,17,19,12,2,3,7,12.0
A. Gordon,J. Murray,DEN,33,13,20,6,5,2,6,14.0
A. Gordon,R. Jackson,DEN,12,8,4,5,3,0,0,4.0
J. Murray,N. Jokic,DEN,151,137,14,58,71,8,0,14.0
J. Murray,M. Porter,DEN,67,29,38,14,5,10,7,31.0
J. Murray,A. Gordon,DEN,45,42,3,39,2,1,3,0.0
J. Murray,P. Watson,DEN,38,24,14,13,7,4,6,8.0
J. Murray,K. Caldwell-Pope,DEN,23,8,15,3,3,2,6,9.0
C. Braun,N. Jokic,DEN,27,21,6,8,10,3,0,6.0
C. Braun,P. Watson,DEN,20,17,3,12,5,0,0,3.0
C. Braun,R. Jackson,DEN,17,9,8,3,4,2,3,5.0
P. Watson,N. Jokic,DEN,18,13,5,6,7,0,0,5.0
P. Watson,R. Jackson,DEN,14,7,7,3,2,2,2,5.0
P. Watson,C. Braun,DEN,12,9,3,7,2,0,0,3.0
P. Watson,J. Murray,DEN,7,1,6,0,0,1,1,5.0
R. Jackson,N. Jokic,DEN,88,75,13,24,43,8,1,12.0
R. Jackson,M. Porter,DEN,43,24,19,7,5,12,5,14.0
R. Jackson,C. Braun,DEN,34,23,11,21,2,0,2,9.0
R. Jackson,P. Watson,DEN,32,24,8,17,6,1,5,3.0
R. Jackson,K. Caldwell-Pope,DEN,22,7,15,1,1,5,6,9.0
R. Jackson,A. Gordon,DEN,16,10,6,9,0,1,3,3.0
J. Duren,C. Cunningham,DET,39,27,12,10,8,9,1,11.0
J. Duren,J. Ivey,DET,25,17,8,12,2,3,2,6.0
J. Duren,I. Stewart,DET,19,17,2,14,3,0,1,1.0
J. Duren,Bojan Bogdanovic,DET,11,7,4,2,2,3,2,2.0
J. Duren,Ausar Thompson,DET,9,9,0,7,2,0,0,0.0
J. Duren,K. Hayes,DET,7,6,1,0,5,1,0,1.0
J. Ivey,J. Duren,DET,52,52,0,37,15,0,0,0.0
J. Ivey,C. Cunningham,DET,39,19,20,9,6,4,1,19.0
J. Ivey,Ausar Thompson,DET,25,20,5,16,3,1,5,0.0
J. Ivey,Bojan Bogdanovic,DET,23,10,13,5,3,2,4,9.0
J. Ivey,J. Wiseman,DET,20,20,0,14,5,1,0,0.0
J. Ivey,I. Stewart,DET,18,7,11,6,1,0,3,8.0
J. Ivey,M. Sasser,DET,17,4,13,0,3,1,1,12.0
C. Cunningham,J. Duren,DET,96,96,0,80,16,0,0,0.0
C. Cunningham,Ausar Thompson,DET,54,46,8,35,9,2,6,2.0
C. Cunningham,J. Ivey,DET,53,30,23,18,9,3,9,14.0
C. Cunningham,Bojan Bogdanovic,DET,49,21,28,8,11,2,5,23.0
C. Cunningham,I. Stewart,DET,45,28,17,24,4,0,6,11.0
C. Cunningham,K. Hayes,DET,21,10,11,2,3,5,6,5.0
I. Stewart,C. Cunningham,DET,14,6,8,2,3,1,1,7.0
I. Stewart,J. Ivey,DET,14,8,6,6,1,1,1,5.0
I. Stewart,K. Hayes,DET,8,6,2,0,6,0,1,1.0
I. Stewart,Ausar Thompson,DET,7,7,0,4,3,0,0,0.0
I. Stewart,J. Duren,DET,6,6,0,5,1,0,0,0.0
Ausar Thompson,J. Duren,DET,16,16,0,16,0,0,0,0.0
Ausar Thompson,I. Stewart,DET,16,9,7,6,3,0,1,6.0
Ausar Thompson,C. Cunningham,DET,16,8,8,5,1,2,2,6.0
Ausar Thompson,J. Ivey,DET,15,9,6,5,3,1,0,6.0
Ausar Thompson,K. Hayes,DET,5,4,1,2,1,1,0,1.0
Bojan Bogdanovic,J. Ivey,DET,15,5,10,4,1,0,4,6.0
Bojan Bogdanovic,C. Cunningham,DET,12,6,6,2,2,2,1,5.0
Bojan Bogdanovic,J. Duren,DET,10,10,0,8,2,0,0,0.0
M. Sasser,J. Ivey,DET,37,14,23,4,8,2,3,20.0
M. Sasser,J. Wiseman,DET,26,26,0,17,9,0,0,0.0
J. Wiseman,J. Ivey,DET,11,8,3,3,4,1,0,3.0
J. Wiseman,M. Sasser,DET,7,5,2,1,3,1,0,2.0
K. Hayes,J. Duren,DET,22,22,0,16,6,0,0,0.0
K. Hayes,Ausar Thompson,DET,19,16,3,12,2,2,1,2.0
K. Hayes,I. Stewart,DET,19,6,13,2,3,1,5,8.0
K. Hayes,C. Cunningham,DET,18,11,7,6,3,2,2,5.0
S. Curry,K. Thompson,GSW,70,26,44,13,3,10,8,36.0
S. Curry,D. Green,GSW,60,41,19,30,10,1,8,11.0
S. Curry,J. Kuminga,GSW,52,47,5,33,12,2,2,3.0
S. Curry,Andrew Wiggins,GSW,48,33,15,21,10,2,4,11.0
S. Curry,K. Looney,GSW,32,32,0,26,6,0,0,0.0
S. Curry,B. Podziemski,GSW,16,10,6,6,4,0,2,4.0
Andrew Wiggins,S. Curry,GSW,31,7,24,2,2,3,6,18.0
Andrew Wiggins,D. Green,GSW,15,10,5,8,2,0,1,4.0
Andrew Wiggins,B. Podziemski,GSW,15,7,8,3,4,0,1,7.0
Andrew Wiggins,K. Thompson,GSW,15,3,12,1,2,0,1,11.0
Andrew Wiggins,J. Kuminga,GSW,8,5,3,2,3,0,1,2.0
Andrew Wiggins,K. Looney,GSW,1,1,0,1,0,0,0,0.0
K. Thompson,T. Jackson-Davis,GSW,38,38,0,33,5,0,0,0.0
K. Thompson,K. Looney,GSW,23,23,0,14,8,1,0,0.0
K. Thompson,J. Kuminga,GSW,20,16,4,14,2,0,2,2.0
K. Thompson,D. Green,GSW,17,11,6,7,3,1,1,5.0
K. Thompson,Andrew Wiggins,GSW,13,7,6,5,1,1,2,4.0
K. Thompson,B. Podziemski,GSW,11,4,7,1,3,0,1,6.0
K. Thompson,S. Curry,GSW,10,3,7,1,2,0,2,5.0
K. Thompson,C. Paul,GSW,9,0,9,0,0,0,0,9.0
D. Green,S. Curry,GSW,114,46,68,25,16,5,10,58.0
D. Green,K. Thompson,GSW,65,37,28,14,10,13,1,27.0
D. Green,J. Kuminga,GSW,54,49,5,35,12,2,1,4.0
D. Green,Andrew Wiggins,GSW,42,32,10,20,10,2,0,10.0
J. Kuminga,K. Thompson,GSW,33,9,24,1,3,5,6,18.0
J. Kuminga,S. Curry,GSW,28,7,21,1,5,1,5,16.0
J. Kuminga,B. Podziemski,GSW,17,10,7,6,4,0,2,5.0
J. Kuminga,Andrew Wiggins,GSW,15,7,8,2,3,2,0,8.0
J. Kuminga,D. Green,GSW,11,7,4,4,3,0,2,2.0
J. Kuminga,C. Paul,GSW,4,1,3,0,1,0,0,3.0
B. Podziemski,J. Kuminga,GSW,51,44,7,24,14,6,5,2.0
B. Podziemski,K. Thompson,GSW,42,13,29,6,3,4,2,27.0
B. Podziemski,S. Curry,GSW,40,13,27,3,6,4,3,24.0
B. Podziemski,Andrew Wiggins,GSW,26,16,10,4,10,2,3,7.0
C. Paul,K. Thompson,GSW,91,34,57,6,11,17,7,50.0
C. Paul,J. Kuminga,GSW,48,38,10,25,11,2,4,6.0
K. Looney,K. Thompson,GSW,32,10,22,5,2,3,4,18.0
K. Looney,Andrew Wiggins,GSW,25,17,8,5,10,2,0,8.0
K. Looney,S. Curry,GSW,21,8,13,2,2,4,1,12.0
T. Jackson-Davis,K. Thompson,GSW,17,7,10,0,3,4,2,8.0
Jalen Green,A. Sengun,HOU,85,81,4,51,29,1,0,4.0
Jalen Green,J. Smith,HOU,45,20,25,10,7,3,7,18.0
Jalen Green,D. Brooks,HOU,39,21,18,12,7,2,5,13.0
Jalen Green,F. VanVleet,HOU,30,3,27,0,0,3,7,20.0
Jalen Green,Amen Thompson,HOU,18,18,0,16,2,0,0,0.0
Jalen Green,Jeff Green,HOU,16,10,6,8,1,1,4,2.0
F. VanVleet,A. Sengun,HOU,168,154,14,80,63,11,0,14.0
F. VanVleet,J. Smith,HOU,94,39,55,16,14,9,14,41.0
F. VanVleet,D. Brooks,HOU,82,39,43,23,13,3,10,33.0
F. VanVleet,Jalen Green,HOU,78,38,40,26,7,5,8,32.0
F. VanVleet,Jeff Green,HOU,36,26,10,12,14,0,2,8.0
F. VanVleet,Amen Thompson,HOU,29,28,1,21,6,1,0,1.0
F. VanVleet,J. Tate,HOU,16,8,8,6,2,0,4,4.0
D. Brooks,A. Sengun,HOU,25,20,5,8,10,2,0,5.0
D. Brooks,Jalen Green,HOU,18,9,9,6,1,2,1,8.0
D. Brooks,J. Smith,HOU,18,9,9,4,3,2,2,7.0
D. Brooks,F. VanVleet,HOU,17,5,12,1,2,2,2,10.0
D. Brooks,Amen Thompson,HOU,9,9,0,9,0,0,0,0.0
J. Smith,A. Sengun,HOU,27,23,4,17,6,0,0,4.0
J. Smith,F. VanVleet,HOU,17,4,13,2,1,1,2,11.0
J. Smith,D. Brooks,HOU,16,4,12,4,0,0,2,10.0
J. Smith,Jeff Green,HOU,15,8,7,4,3,1,5,2.0
J. Smith,Jalen Green,HOU,13,9,4,7,1,1,2,2.0
J. Smith,Amen Thompson,HOU,7,6,1,6,0,0,0,1.0
A. Sengun,Jalen Green,HOU,66,38,28,27,5,6,2,26.0
A. Sengun,J. Smith,HOU,57,41,16,23,13,5,4,12.0
A. Sengun,D. Brooks,HOU,57,32,25,17,13,2,3,22.0
A. Sengun,F. VanVleet,HOU,55,17,38,3,3,11,6,32.0
Amen Thompson,C. Whitmore,HOU,30,20,10,14,4,2,2,8.0
Amen Thompson,Jalen Green,HOU,21,12,9,9,2,1,2,7.0
Amen Thompson,D. Brooks,HOU,17,6,11,2,2,2,3,8.0
Amen Thompson,J. Smith,HOU,15,8,7,3,1,4,1,6.0
Amen Thompson,F. VanVleet,HOU,12,2,10,0,1,1,3,7.0
Jeff Green,J. Smith,HOU,16,8,8,5,2,1,2,6.0
Jeff Green,F. VanVleet,HOU,5,2,3,0,0,2,0,3.0
Jeff Green,A. Holiday,HOU,3,1,2,0,1,0,0,2.0
Jeff Green,Jalen Green,HOU,2,1,1,1,0,0,0,1.0
J. Tate,F. VanVleet,HOU,11,1,10,0,1,0,3,7.0
A. Holiday,Jeff Green,HOU,18,9,9,6,2,1,3,6.0
C. Whitmore,Amen Thompson,HOU,6,6,0,5,1,0,0,0.0
T. Haliburton,M. Turner,IND,215,141,74,86,28,27,7,67.0
T. Haliburton,A. Nesmith,IND,97,42,55,31,10,1,20,35.0
T. Haliburton,O. Toppin,IND,84,59,25,55,4,0,7,18.0
T. Haliburton,P. Siakam,IND,70,56,14,30,21,5,6,8.0
T. Haliburton,B. Hield,IND,61,17,44,10,5,2,5,39.0
T. Haliburton,A. Nembhard,IND,49,35,14,19,11,5,9,5.0
T. Haliburton,B. Mathurin,IND,40,26,14,21,3,2,2,12.0
T. Haliburton,B. Brown,IND,30,21,9,9,12,0,6,3.0
M. Turner,T. Haliburton,IND,18,13,5,5,6,2,0,5.0
M. Turner,A. Nesmith,IND,16,10,6,7,2,1,3,3.0
M. Turner,P. Siakam,IND,16,12,4,8,2,2,2,2.0
M. Turner,A. Nembhard,IND,14,10,4,3,4,3,1,3.0
M. Turner,B. Brown,IND,8,6,2,2,2,2,1,1.0
M. Turner,B. Hield,IND,8,4,4,2,2,0,0,4.0
M. Turner,O. Toppin,IND,8,4,4,3,1,0,2,2.0
M. Turner,B. Mathurin,IND,5,2,3,1,0,1,2,1.0
A. Nesmith,P. Siakam,IND,19,14,5,8,4,2,4,1.0
A. Nesmith,T. Haliburton,IND,16,8,8,5,1,2,0,8.0
A. Nesmith,A. Nembhard,IND,14,7,7,5,1,1,4,3.0
A. Nesmith,M. Turner,IND,14,13,1,6,7,0,0,1.0
A. Nembhard,M. Turner,IND,62,49,13,26,15,8,1,12.0
A. Nembhard,A. Nesmith,IND,29,14,15,10,3,1,8,7.0
A. Nembhard,T. Haliburton,IND,27,15,12,9,5,1,2,10.0
A. Nembhard,P. Siakam,IND,27,21,6,15,4,2,2,4.0
P. Siakam,T. Haliburton,IND,31,11,20,7,3,1,2,18.0
P. Siakam,M. Turner,IND,28,20,8,10,8,2,0,8.0
P. Siakam,A. Nembhard,IND,22,10,12,7,3,0,8,4.0
P. Siakam,A. Nesmith,IND,21,7,14,5,1,1,6,8.0
O. Toppin,B. Mathurin,IND,15,11,4,7,3,1,0,4.0
O. Toppin,T. McConnell,IND,14,12,2,2,9,1,1,1.0
O. Toppin,T. Haliburton,IND,13,7,6,4,2,1,3,3.0
O. Toppin,M. Turner,IND,6,6,0,3,1,2,0,0.0
T. McConnell,O. Toppin,IND,75,49,26,42,7,0,13,13.0
B. Mathurin,T. Haliburton,IND,19,6,13,2,2,2,2,11.0
B. Mathurin,O. Toppin,IND,12,7,5,5,2,0,2,3.0
B. Mathurin,M. Turner,IND,11,9,2,2,6,1,0,2.0
B. Brown,M. Turner,IND,20,17,3,11,4,2,1,2.0
B. Brown,T. Haliburton,IND,19,9,10,7,2,0,4,6.0
B. Hield,T. Haliburton,IND,17,8,9,3,5,0,1,8.0
B. Hield,M. Turner,IND,15,11,4,10,0,1,1,3.0
P. George,K. Leonard,LAC,55,32,23,15,11,6,7,16.0
P. George,I. Zubac,LAC,48,48,0,29,18,1,0,0.0
P. George,N. Powell,LAC,32,11,21,6,4,1,11,10.0
P. George,Terance Mann,LAC,31,19,12,15,4,0,8,4.0
P. George,R. Westbrook,LAC,29,22,7,16,4,2,4,3.0
P. George,J. Harden,LAC,24,6,18,4,1,1,4,14.0
J. Harden,P. George,LAC,144,66,78,34,12,20,15,63.0
J. Harden,K. Leonard,LAC,110,83,27,51,21,11,5,22.0
J. Harden,I. Zubac,LAC,103,103,0,64,39,0,0,0.0
J. Harden,N. Powell,LAC,67,36,31,20,10,6,16,15.0
J. Harden,Terance Mann,LAC,59,37,22,24,12,1,16,6.0
J. Harden,A. Coffey,LAC,39,18,21,7,8,3,13,8.0
J. Harden,R. Westbrook,LAC,33,21,12,20,1,0,10,2.0
K. Leonard,P. George,LAC,47,18,29,9,3,6,10,19.0
K. Leonard,N. Powell,LAC,42,19,23,7,9,3,8,15.0
K. Leonard,Terance Mann,LAC,33,19,14,15,3,1,7,7.0
K. Leonard,J. Harden,LAC,31,7,24,5,1,1,3,21.0
K. Leonard,I. Zubac,LAC,22,22,0,10,12,0,0,0.0
K. Leonard,R. Westbrook,LAC,20,12,8,9,3,0,2,6.0
I. Zubac,P. George,LAC,19,8,11,4,0,4,1,10.0
I. Zubac,K. Leonard,LAC,17,10,7,5,4,1,2,5.0
I. Zubac,J. Harden,LAC,17,6,11,1,4,1,1,10.0
I. Zubac,Terance Mann,LAC,14,9,5,8,1,0,2,3.0
Terance Mann,K. Leonard,LAC,25,14,11,7,6,1,4,7.0
Terance Mann,P. George,LAC,25,9,16,4,1,4,6,10.0
Terance Mann,I. Zubac,LAC,18,18,0,10,8,0,0,0.0
Terance Mann,J. Harden,LAC,10,1,9,1,0,0,1,8.0
N. Powell,R. Westbrook,LAC,17,13,4,11,1,1,1,3.0
N. Powell,A. Coffey,LAC,14,9,5,5,3,1,5,0.0
N. Powell,P. George,LAC,10,4,6,3,1,0,1,5.0
N. Powell,K. Leonard,LAC,10,9,1,1,7,1,1,0.0
N. Powell,J. Harden,LAC,4,1,3,0,1,0,0,3.0
N. Powell,D. Theis,LAC,2,0,2,0,0,0,2,0.0
R. Westbrook,K. Leonard,LAC,60,47,13,18,19,10,6,7.0
R. Westbrook,P. George,LAC,50,32,18,17,8,7,4,14.0
R. Westbrook,N. Powell,LAC,47,21,26,8,10,3,10,16.0
R. Westbrook,J. Harden,LAC,5,0,5,0,0,0,1,4.0
A. Coffey,N. Powell,LAC,15,4,11,2,1,1,8,3.0
A. Coffey,J. Harden,LAC,8,2,6,1,1,0,1,5.0
D. Theis,N. Powell,LAC,21,13,8,6,4,3,3,5.0
A. Davis,L. James,LAL,68,47,21,41,3,3,1,20.0
A. Davis,D. Russell,LAL,50,31,19,16,14,1,2,17.0
A. Davis,R. Hachimura,LAL,39,30,9,16,12,2,3,6.0
A. Davis,A. Reaves,LAL,38,23,15,9,10,4,3,12.0
A. Davis,T. Prince,LAL,33,18,15,10,7,1,2,13.0
A. Davis,C. Reddish,LAL,7,5,2,4,0,1,1,1.0
A. Reaves,L. James,LAL,107,83,24,69,8,6,2,22.0
A. Reaves,A. Davis,LAL,96,91,5,48,28,15,2,3.0
A. Reaves,R. Hachimura,LAL,76,46,30,35,4,7,11,19.0
A. Reaves,D. Russell,LAL,47,11,36,6,5,0,6,30.0
A. Reaves,T. Prince,LAL,45,17,28,10,6,1,15,13.0
A. Reaves,C. Wood,LAL,23,13,10,7,4,2,3,7.0
A. Reaves,C. Reddish,LAL,13,3,10,2,1,0,6,4.0
D. Russell,A. Davis,LAL,113,105,8,59,33,13,0,8.0
D. Russell,L. James,LAL,84,55,29,47,6,2,4,25.0
D. Russell,R. Hachimura,LAL,67,50,17,38,6,6,8,9.0
D. Russell,T. Prince,LAL,58,30,28,15,12,3,9,19.0
D. Russell,A. Reaves,LAL,54,26,28,19,4,3,4,24.0
D. Russell,C. Reddish,LAL,19,10,9,8,2,0,5,4.0
L. James,A. Davis,LAL,173,167,6,123,33,11,0,6.0
L. James,D. Russell,LAL,96,40,56,31,7,2,7,49.0
L. James,A. Reaves,LAL,75,52,23,39,13,0,5,18.0
L. James,R. Hachimura,LAL,74,51,23,42,7,2,15,8.0
L. James,T. Prince,LAL,67,21,46,16,4,1,22,24.0
L. James,C. Reddish,LAL,20,11,9,10,1,0,7,2.0
T. Prince,A. Davis,LAL,37,34,3,18,12,4,0,3.0
T. Prince,L. James,LAL,17,16,1,14,2,0,1,0.0
T. Prince,D. Russell,LAL,14,1,13,1,0,0,4,9.0
T. Prince,A. Reaves,LAL,13,4,9,1,2,1,4,5.0
T. Prince,R. Hachimura,LAL,10,6,4,3,2,1,4,0.0
R. Hachimura,A. Reaves,LAL,22,6,16,5,1,0,5,11.0
R. Hachimura,L. James,LAL,14,6,8,6,0,0,2,6.0
R. Hachimura,D. Russell,LAL,12,3,9,1,2,0,2,7.0
R. Hachimura,A. Davis,LAL,10,7,3,5,2,0,0,3.0
R. Hachimura,T. Prince,LAL,2,1,1,0,1,0,0,1.0
C. Reddish,A. Davis,LAL,13,12,1,8,3,1,1,0.0
C. Reddish,L. James,LAL,10,4,6,4,0,0,1,5.0
C. Reddish,D. Russell,LAL,10,6,4,5,0,1,1,3.0
C. Reddish,A. Reaves,LAL,2,1,1,1,0,0,0,1.0
C. Wood,A. Reaves,LAL,3,1,2,0,1,0,0,2.0
D. Bane,J. Jackson,MEM,56,36,20,14,22,0,5,15.0
D. Bane,S. Aldama,MEM,34,17,17,10,6,1,5,12.0
D. Bane,B. Biyombo,MEM,17,17,0,13,4,0,0,0.0
D. Bane,D. Roddy,MEM,15,8,7,6,2,0,3,4.0
J. Jackson,D. Bane,MEM,25,9,16,4,4,1,4,12.0
J. Jackson,L. Kennard,MEM,19,3,16,1,2,0,0,16.0
J. Jackson,S. Aldama,MEM,18,6,12,5,1,0,3,9.0
J. Jackson,V. Williams,MEM,18,6,12,5,1,0,5,7.0
J. Jackson,D. Roddy,MEM,12,5,7,3,2,0,0,7.0
J. Jackson,G. Jackson,MEM,7,1,6,1,0,0,1,5.0
J. Jackson,J. Konchar,MEM,6,3,3,3,0,0,0,3.0
J. Jackson,Z. Williams,MEM,5,3,2,2,0,1,1,1.0
J. Jackson,B. Biyombo,MEM,2,2,0,2,0,0,0,0.0
S. Aldama,J. Jackson,MEM,17,11,6,6,5,0,0,6.0
S. Aldama,L. Kennard,MEM,15,4,11,2,0,2,2,9.0
S. Aldama,D. Bane,MEM,14,5,9,2,1,2,1,8.0
S. Aldama,J. Konchar,MEM,12,6,6,5,1,0,3,3.0
S. Aldama,V. Williams,MEM,9,5,4,4,1,0,1,3.0
V. Williams,J. Jackson,MEM,40,25,15,14,11,0,1,14.0
V. Williams,L. Kennard,MEM,21,2,19,2,0,0,4,15.0
V. Williams,S. Aldama,MEM,17,10,7,7,2,1,1,6.0
V. Williams,J. Konchar,MEM,8,5,3,5,0,0,2,1.0
J. Konchar,J. Jackson,MEM,23,16,7,10,6,0,0,7.0
J. Konchar,S. Aldama,MEM,17,4,13,2,2,0,5,8.0
J. Konchar,V. Williams,MEM,6,2,4,1,1,0,3,1.0
B. Biyombo,D. Bane,MEM,20,15,5,10,2,3,2,3.0
B. Biyombo,J. Jackson,MEM,3,2,1,1,1,0,0,1.0
D. Roddy,D. Bane,MEM,8,5,3,3,2,0,1,2.0
D. Roddy,J. Jackson,MEM,5,4,1,2,2,0,0,1.0
Z. Williams,J. Jackson,MEM,18,11,7,5,6,0,1,6.0
L. Kennard,J. Jackson,MEM,22,12,10,6,6,0,3,7.0
L. Kennard,V. Williams,MEM,18,6,12,6,0,0,2,10.0
L. Kennard,S. Aldama,MEM,14,8,6,4,4,0,3,3.0
G. Jackson,J. Jackson,MEM,14,8,6,5,3,0,2,4.0
G. Jackson,J. LaRavia,MEM,3,2,1,0,2,0,0,1.0
J. LaRavia,G. Jackson,MEM,13,5,8,4,1,0,3,5.0
B. Adebayo,D. Robinson,MIA,63,28,35,18,9,1,1,34.0
B. Adebayo,T. Herro,MIA,49,21,28,2,15,4,0,28.0
B. Adebayo,J. Jaquez,MIA,33,23,10,19,4,0,6,4.0
B. Adebayo,J. Butler,MIA,29,22,7,13,7,2,2,5.0
B. Adebayo,T. Rozier,MIA,21,12,9,3,5,4,5,4.0
B. Adebayo,N. Jovic,MIA,17,14,3,9,5,0,0,3.0
B. Adebayo,H. Highsmith,MIA,15,9,6,6,3,0,0,6.0
B. Adebayo,Caleb Martin,MIA,13,7,6,5,2,0,5,1.0
D. Robinson,B. Adebayo,MIA,59,59,0,25,28,6,0,0.0
D. Robinson,J. Jaquez,MIA,28,21,7,10,11,0,4,3.0
D. Robinson,Caleb Martin,MIA,21,8,13,5,2,1,3,10.0
D. Robinson,J. Butler,MIA,20,15,5,8,6,1,2,3.0
J. Butler,D. Robinson,MIA,35,8,27,6,2,0,11,16.0
J. Butler,B. Adebayo,MIA,31,29,2,14,15,0,1,1.0
J. Butler,J. Jaquez,MIA,30,17,13,12,3,2,8,5.0
J. Butler,Caleb Martin,MIA,29,14,15,8,3,3,9,6.0
J. Butler,T. Rozier,MIA,23,6,17,3,3,0,9,8.0
J. Butler,H. Highsmith,MIA,21,6,15,2,4,0,9,6.0
J. Butler,K. Lowry,MIA,18,2,16,2,0,0,6,10.0
J. Jaquez,D. Robinson,MIA,31,12,19,10,2,0,6,13.0
J. Jaquez,B. Adebayo,MIA,25,23,2,14,7,2,0,2.0
J. Jaquez,J. Butler,MIA,19,18,1,10,5,3,0,1.0
J. Jaquez,Caleb Martin,MIA,18,10,8,6,3,1,3,5.0
J. Jaquez,K. Love,MIA,17,9,8,3,4,2,0,8.0
J. Jaquez,H. Highsmith,MIA,16,8,8,4,4,0,5,3.0
J. Jaquez,J. Richardson,MIA,12,5,7,4,0,1,3,4.0
T. Herro,B. Adebayo,MIA,57,56,1,25,27,4,0,1.0
Caleb Martin,D. Robinson,MIA,18,3,15,2,1,0,5,10.0
Caleb Martin,B. Adebayo,MIA,18,16,2,7,7,2,1,1.0
Caleb Martin,J. Butler,MIA,16,10,6,7,2,1,5,1.0
Caleb Martin,J. Jaquez,MIA,12,10,2,8,1,1,1,1.0
H. Highsmith,J. Jaquez,MIA,12,7,5,5,2,0,4,1.0
H. Highsmith,B. Adebayo,MIA,7,6,1,3,3,0,1,0.0
H. Highsmith,J. Butler,MIA,5,2,3,2,0,0,3,0.0
T. Rozier,B. Adebayo,MIA,39,33,6,10,20,3,0,6.0
T. Rozier,J. Butler,MIA,22,16,6,9,4,3,5,1.0
J. Richardson,J. Jaquez,MIA,12,8,4,3,4,1,2,2.0
N. Jovic,B. Adebayo,MIA,10,10,0,7,3,0,0,0.0
K. Lowry,J. Butler,MIA,14,11,3,8,3,0,3,0.0
K. Love,J. Jaquez,MIA,15,14,1,9,5,0,1,0.0
D. Lillard,G. Antetokounmpo,MIL,139,135,4,109,18,8,0,4.0
D. Lillard,B. Lopez,MIL,96,42,54,27,11,4,8,46.0
D. Lillard,M. Beasley,MIL,90,21,69,10,7,4,30,39.0
D. Lillard,B. Portis,MIL,68,50,18,19,15,16,5,13.0
D. Lillard,K. Middleton,MIL,32,21,11,6,6,9,4,7.0
D. Lillard,P. Connaughton,MIL,28,9,19,6,3,0,13,6.0
D. Lillard,J. Crowder,MIL,22,9,13,4,3,2,10,3.0
B. Lopez,G. Antetokounmpo,MIL,31,28,3,24,3,1,0,3.0
B. Lopez,D. Lillard,MIL,29,15,14,10,2,3,1,13.0
B. Lopez,M. Beasley,MIL,18,3,15,1,1,1,3,12.0
B. Lopez,K. Middleton,MIL,16,10,6,4,2,4,1,5.0
B. Lopez,B. Portis,MIL,10,8,2,6,0,2,0,2.0
M. Beasley,G. Antetokounmpo,MIL,22,19,3,16,2,1,0,3.0
M. Beasley,B. Lopez,MIL,21,10,11,6,2,2,0,11.0
M. Beasley,K. Middleton,MIL,17,11,6,1,4,6,1,5.0
M. Beasley,B. Portis,MIL,13,10,3,6,3,1,2,1.0
M. Beasley,D. Lillard,MIL,13,3,10,2,1,0,0,10.0
M. Beasley,J. Crowder,MIL,7,1,6,0,0,1,3,3.0
G. Antetokounmpo,B. Lopez,MIL,80,51,29,43,8,0,8,21.0
G. Antetokounmpo,M. Beasley,MIL,77,13,64,6,5,2,36,28.0
G. Antetokounmpo,B. Portis,MIL,72,36,36,27,6,3,15,21.0
G. Antetokounmpo,D. Lillard,MIL,61,18,43,10,2,6,3,40.0
G. Antetokounmpo,K. Middleton,MIL,50,22,28,5,8,9,6,22.0
G. Antetokounmpo,P. Connaughton,MIL,41,11,30,9,1,1,12,18.0
G. Antetokounmpo,J. Crowder,MIL,24,15,9,7,6,2,2,7.0
P. Connaughton,B. Portis,MIL,38,26,12,9,12,5,7,5.0
P. Connaughton,G. Antetokounmpo,MIL,26,26,0,19,5,2,0,0.0
P. Connaughton,D. Lillard,MIL,12,7,5,5,0,2,0,5.0
B. Portis,M. Beasley,MIL,15,5,10,2,2,1,5,5.0
B. Portis,P. Connaughton,MIL,13,5,8,5,0,0,3,5.0
B. Portis,D. Lillard,MIL,11,5,6,4,1,0,0,6.0
B. Portis,G. Antetokounmpo,MIL,11,9,2,8,0,1,0,2.0
B. Portis,B. Lopez,MIL,7,6,1,5,1,0,0,1.0
K. Middleton,G. Antetokounmpo,MIL,127,125,2,112,10,3,0,2.0
K. Middleton,B. Lopez,MIL,56,38,18,26,11,1,3,15.0
K. Middleton,M. Beasley,MIL,28,9,19,4,5,0,11,8.0
K. Middleton,D. Lillard,MIL,25,8,17,3,5,0,2,15.0
J. Crowder,G. Antetokounmpo,MIL,14,13,1,11,2,0,0,1.0
J. Crowder,M. Beasley,MIL,14,4,10,2,1,1,7,3.0
J. Crowder,D. Lillard,MIL,8,3,5,1,1,1,0,5.0
A. Edwards,K. Towns,MIN,76,39,37,20,15,4,5,32.0
A. Edwards,N. Reid,MIN,66,19,47,15,4,0,14,33.0
A. Edwards,J. McDaniels,MIN,62,35,27,22,10,3,18,9.0
A. Edwards,M. Conley,MIN,60,15,45,3,10,2,14,31.0
A. Edwards,R. Gobert,MIN,47,47,0,45,2,0,0,0.0
A. Edwards,N. Alexander-Walker,MIN,41,8,33,4,2,2,21,12.0
A. Edwards,K. Anderson,MIN,22,19,3,5,12,2,2,1.0
R. Gobert,M. Conley,MIN,32,8,24,3,5,0,1,23.0
R. Gobert,A. Edwards,MIN,21,9,12,5,3,1,1,11.0
R. Gobert,J. McDaniels,MIN,14,7,7,5,2,0,5,2.0
R. Gobert,N. Alexander-Walker,MIN,13,5,8,3,1,1,4,4.0
R. Gobert,K. Towns,MIN,7,5,2,4,1,0,0,2.0
R. Gobert,N. Reid,MIN,6,3,3,1,2,0,1,2.0
R. Gobert,K. Anderson,MIN,3,2,1,1,1,0,1,0.0
M. Conley,K. Towns,MIN,114,71,43,39,27,5,4,39.0
M. Conley,R. Gobert,MIN,78,78,0,73,5,0,0,0.0
M. Conley,A. Edwards,MIN,77,44,33,26,10,8,3,30.0
M. Conley,J. McDaniels,MIN,56,39,17,22,15,2,13,4.0
J. McDaniels,K. Towns,MIN,22,11,11,5,5,1,0,11.0
J. McDaniels,M. Conley,MIN,15,6,9,1,4,1,4,5.0
J. McDaniels,A. Edwards,MIN,14,9,5,5,3,1,2,3.0
J. McDaniels,R. Gobert,MIN,14,14,0,10,2,2,0,0.0
K. Towns,R. Gobert,MIN,66,66,0,59,6,1,0,0.0
K. Towns,A. Edwards,MIN,33,24,9,13,5,6,3,6.0
K. Towns,M. Conley,MIN,23,6,17,4,2,0,9,8.0
K. Towns,J. McDaniels,MIN,18,6,12,5,1,0,7,5.0
K. Towns,N. Alexander-Walker,MIN,17,6,11,4,0,2,6,5.0
N. Reid,N. Alexander-Walker,MIN,18,6,12,4,2,0,5,7.0
N. Reid,A. Edwards,MIN,17,12,5,8,2,2,0,5.0
N. Reid,K. Anderson,MIN,7,7,0,2,5,0,0,0.0
N. Reid,R. Gobert,MIN,6,6,0,6,0,0,0,0.0
N. Alexander-Walker,N. Reid,MIN,42,12,30,6,6,0,6,24.0
N. Alexander-Walker,A. Edwards,MIN,42,24,18,16,8,0,3,15.0
N. Alexander-Walker,K. Towns,MIN,37,26,11,17,9,0,1,10.0
N. Alexander-Walker,K. Anderson,MIN,19,16,3,2,13,1,3,0.0
N. Alexander-Walker,R. Gobert,MIN,14,14,0,12,2,0,0,0.0
K. Anderson,N. Reid,MIN,64,43,21,29,13,1,9,12.0
K. Anderson,A. Edwards,MIN,54,39,15,26,7,6,2,13.0
K. Anderson,R. Gobert,MIN,37,37,0,36,1,0,0,0.0
K. Anderson,N. Alexander-Walker,MIN,32,13,19,5,7,1,13,6.0
H. Jones,Z. Williamson,NOP,39,39,0,32,6,1,0,0.0
H. Jones,C. McCollum,NOP,33,9,24,4,5,0,4,20.0
H. Jones,J. Valanciunas,NOP,31,30,1,16,12,2,0,1.0
H. Jones,B. Ingram,NOP,29,23,6,7,7,9,0,6.0
H. Jones,T. Murphy,NOP,29,8,21,6,2,0,4,17.0
H. Jones,L. Nance,NOP,8,6,2,6,0,0,2,0.0
C. McCollum,J. Valanciunas,NOP,73,63,10,26,28,9,0,10.0
C. McCollum,Z. Williamson,NOP,62,62,0,52,10,0,0,0.0
C. McCollum,T. Murphy,NOP,38,12,26,4,8,0,8,18.0
C. McCollum,H. Jones,NOP,36,18,18,14,2,2,12,6.0
C. McCollum,B. Ingram,NOP,32,23,9,6,9,8,4,5.0
C. McCollum,L. Nance,NOP,20,17,3,11,5,1,2,1.0
Z. Williamson,C. McCollum,NOP,65,19,46,2,13,4,7,39.0
Z. Williamson,H. Jones,NOP,49,19,30,13,4,2,16,14.0
Z. Williamson,T. Murphy,NOP,49,5,44,4,1,0,8,36.0
Z. Williamson,J. Valanciunas,NOP,40,32,8,24,6,2,3,5.0
Z. Williamson,B. Ingram,NOP,36,20,16,9,5,6,3,13.0
Z. Williamson,L. Nance,NOP,20,12,8,9,3,0,4,4.0
B. Ingram,H. Jones,NOP,60,28,32,23,3,2,23,9.0
B. Ingram,Z. Williamson,NOP,58,56,2,45,11,0,1,1.0
B. Ingram,J. Valanciunas,NOP,52,45,7,29,11,5,1,6.0
B. Ingram,C. McCollum,NOP,50,19,31,6,10,3,10,21.0
B. Ingram,T. Murphy,NOP,37,13,24,8,4,1,7,17.0
B. Ingram,D. Daniels,NOP,13,8,5,6,2,0,5,0.0
J. Valanciunas,B. Ingram,NOP,37,31,6,12,7,12,1,5.0
J. Valanciunas,C. McCollum,NOP,33,16,17,6,8,2,0,17.0
J. Valanciunas,Z. Williamson,NOP,23,23,0,19,4,0,0,0.0
J. Valanciunas,H. Jones,NOP,22,14,8,11,1,2,4,4.0
J. Valanciunas,D. Daniels,NOP,14,10,4,7,3,0,0,4.0
J. Valanciunas,T. Murphy,NOP,7,3,4,1,2,0,0,4.0
T. Murphy,C. McCollum,NOP,22,6,16,2,2,2,3,13.0
T. Murphy,Z. Williamson,NOP,20,20,0,16,4,0,0,0.0
T. Murphy,B. Ingram,NOP,19,11,8,7,1,3,0,8.0
T. Murphy,H. Jones,NOP,12,5,7,5,0,0,5,2.0
T. Murphy,J. Valanciunas,NOP,11,9,2,1,5,3,0,2.0
L. Nance,C. McCollum,NOP,25,10,15,3,3,4,1,14.0
L. Nance,Z. Williamson,NOP,12,12,0,11,1,0,0,0.0
L. Nance,H. Jones,NOP,8,5,3,4,0,1,1,2.0
D. Daniels,J. Valanciunas,NOP,26,23,3,8,8,7,0,3.0
D. Daniels,B. Ingram,NOP,25,16,9,5,6,5,1,8.0
J. Brunson,D. DiVincenzo,NYK,122,40,82,36,4,0,27,55.0
J. Brunson,J. Randle,NYK,88,53,35,34,18,1,10,25.0
J. Brunson,J. Hart,NYK,68,42,26,26,13,3,6,20.0
J. Brunson,I. Hartenstein,NYK,59,59,0,41,17,1,0,0.0
J. Brunson,P. Achiuwa,NYK,28,27,1,20,7,0,1,0.0
J. Brunson,Q. Grimes,NYK,18,2,16,2,0,0,5,11.0
J. Brunson,M. Robinson,NYK,8,8,0,8,0,0,0,0.0
J. Hart,D. DiVincenzo,NYK,67,19,48,12,7,0,10,38.0
J. Hart,J. Brunson,NYK,65,30,35,15,14,1,9,26.0
J. Hart,M. McBride,NYK,30,6,24,5,0,1,8,16.0
J. Hart,I. Hartenstein,NYK,29,29,0,21,8,0,0,0.0
J. Hart,J. Randle,NYK,21,14,7,8,5,1,1,6.0
J. Hart,P. Achiuwa,NYK,17,15,2,12,3,0,2,0.0
J. Hart,I. Quickley,NYK,15,10,5,1,7,2,1,4.0
D. DiVincenzo,J. Brunson,NYK,49,24,25,7,16,1,6,19.0
D. DiVincenzo,J. Hart,NYK,29,21,8,17,4,0,3,5.0
D. DiVincenzo,I. Hartenstein,NYK,27,27,0,15,11,1,0,0.0
D. DiVincenzo,J. Randle,NYK,25,21,4,13,7,1,1,3.0
D. DiVincenzo,M. McBride,NYK,17,6,11,4,1,1,7,4.0
D. DiVincenzo,P. Achiuwa,NYK,15,11,4,11,0,0,3,1.0
J. Randle,J. Brunson,NYK,54,20,34,6,8,6,7,27.0
J. Randle,D. DiVincenzo,NYK,47,6,41,5,1,0,17,24.0
J. Randle,J. Hart,NYK,20,10,10,7,3,0,4,6.0
J. Randle,I. Hartenstein,NYK,2,2,0,2,0,0,0,0.0
I. Hartenstein,D. DiVincenzo,NYK,42,18,24,9,6,3,8,16.0
I. Hartenstein,J. Brunson,NYK,36,28,8,13,12,3,3,5.0
I. Hartenstein,J. Hart,NYK,29,23,6,18,3,2,2,4.0
I. Hartenstein,J. Randle,NYK,16,12,4,11,0,1,2,2.0
M. McBride,D. DiVincenzo,NYK,29,5,24,3,1,1,12,12.0
M. McBride,J. Hart,NYK,15,8,7,5,2,1,2,5.0
M. McBride,P. Achiuwa,NYK,8,7,1,6,1,0,0,1.0
P. Achiuwa,D. DiVincenzo,NYK,12,3,9,2,1,0,2,7.0
P. Achiuwa,J. Hart,NYK,9,7,2,5,1,1,0,2.0
P. Achiuwa,J. Brunson,NYK,6,4,2,2,2,0,2,0.0
P. Achiuwa,M. McBride,NYK,6,2,4,0,2,0,3,1.0
I. Quickley,J. Hart,NYK,15,9,6,6,2,1,0,6.0
Q. Grimes,J. Brunson,NYK,11,4,7,0,4,0,2,5.0
M. Robinson,J. Brunson,NYK,6,5,1,0,0,5,0,1.0
L. Dort,J. Giddey,OKC,27,18,9,13,5,0,4,5.0
L. Dort,C. Holmgren,OKC,20,12,8,5,6,1,2,6.0
L. Dort,S. Gilgeous-Alexander,OKC,16,12,4,8,3,1,1,3.0
L. Dort,I. Joe,OKC,12,1,11,0,1,0,3,8.0
L. Dort,J. Williams,OKC,11,3,8,1,1,1,1,7.0
S. Gilgeous-Alexander,C. Holmgren,OKC,97,62,35,36,21,5,5,30.0
S. Gilgeous-Alexander,J. Giddey,OKC,75,45,30,30,12,3,15,15.0
S. Gilgeous-Alexander,J. Williams,OKC,66,41,25,25,11,5,6,19.0
S. Gilgeous-Alexander,I. Joe,OKC,53,8,45,5,2,1,10,35.0
S. Gilgeous-Alexander,L. Dort,OKC,49,15,34,10,2,3,10,24.0
S. Gilgeous-Alexander,C. Wallace,OKC,34,16,18,11,1,4,10,8.0
C. Holmgren,J. Williams,OKC,38,30,8,17,8,5,0,8.0
C. Holmgren,J. Giddey,OKC,36,25,11,18,6,1,5,6.0
C. Holmgren,L. Dort,OKC,32,10,22,8,1,1,5,17.0
C. Holmgren,S. Gilgeous-Alexander,OKC,29,22,7,8,7,7,0,7.0
C. Holmgren,C. Wallace,OKC,20,11,9,6,3,2,6,3.0
C. Holmgren,I. Joe,OKC,16,7,9,4,1,2,2,7.0
C. Holmgren,Aaron Wiggins,OKC,13,9,4,6,3,0,2,2.0
J. Williams,C. Holmgren,OKC,102,70,32,49,15,6,2,30.0
J. Williams,J. Giddey,OKC,52,36,16,24,9,3,6,10.0
J. Williams,L. Dort,OKC,35,7,28,6,0,1,8,20.0
J. Williams,S. Gilgeous-Alexander,OKC,31,24,7,12,9,3,2,5.0
J. Williams,C. Wallace,OKC,22,9,13,5,4,0,6,7.0
J. Giddey,C. Holmgren,OKC,76,45,31,36,7,2,1,30.0
J. Giddey,J. Williams,OKC,73,57,16,48,8,1,2,14.0
J. Giddey,L. Dort,OKC,58,21,37,15,3,3,12,25.0
J. Giddey,S. Gilgeous-Alexander,OKC,56,48,8,27,15,6,2,6.0
J. Giddey,C. Wallace,OKC,33,14,19,12,1,1,10,9.0
I. Joe,S. Gilgeous-Alexander,OKC,12,12,0,9,3,0,0,0.0
I. Joe,L. Dort,OKC,11,4,7,3,1,0,2,5.0
I. Joe,C. Holmgren,OKC,10,8,2,2,6,0,0,2.0
I. Joe,C. Wallace,OKC,10,1,9,0,1,0,5,4.0
C. Wallace,C. Holmgren,OKC,19,17,2,10,7,0,0,2.0
C. Wallace,J. Williams,OKC,16,11,5,8,3,0,3,2.0
C. Wallace,J. Giddey,OKC,14,13,1,11,2,0,0,1.0
C. Wallace,I. Joe,OKC,14,4,10,2,2,0,2,8.0
C. Wallace,S. Gilgeous-Alexander,OKC,11,8,3,5,1,2,1,2.0
C. Wallace,Aaron Wiggins,OKC,10,5,5,5,0,0,2,3.0
Aaron Wiggins,C. Holmgren,OKC,15,11,4,9,2,0,1,3.0
Aaron Wiggins,C. Wallace,OKC,5,4,1,2,1,1,1,0.0
P. Banchero,J. Suggs,ORL,82,37,45,30,5,2,12,33.0
P. Banchero,F. Wagner,ORL,81,46,35,33,12,1,3,32.0
P. Banchero,W. Carter,ORL,52,34,18,24,8,2,6,12.0
P. Banchero,C. Anthony,ORL,27,15,12,8,4,3,3,9.0
P. Banchero,G. Harris,ORL,25,8,17,3,4,1,11,6.0
P. Banchero,A. Black,ORL,21,14,7,12,1,1,2,5.0
P. Banchero,G. Bitadze,ORL,19,19,0,16,3,0,0,0.0
P. Banchero,M. Fultz,ORL,18,18,0,10,6,2,0,0.0
J. Suggs,P. Banchero,ORL,55,35,20,28,2,5,2,18.0
J. Suggs,F. Wagner,ORL,48,39,9,34,5,0,4,5.0
J. Suggs,W. Carter,ORL,31,14,17,10,4,0,8,9.0
J. Suggs,G. Bitadze,ORL,14,13,1,13,0,0,0,1.0
F. Wagner,P. Banchero,ORL,50,32,18,26,6,0,1,17.0
F. Wagner,M. Wagner,ORL,48,42,6,39,3,0,4,2.0
F. Wagner,J. Suggs,ORL,42,18,24,14,1,3,6,18.0
F. Wagner,W. Carter,ORL,36,28,8,23,5,0,1,7.0
F. Wagner,C. Anthony,ORL,21,9,12,6,2,1,4,8.0
F. Wagner,G. Harris,ORL,13,3,10,1,2,0,8,2.0
F. Wagner,A. Black,ORL,10,7,3,7,0,0,2,1.0
W. Carter,P. Banchero,ORL,20,13,7,9,3,1,1,6.0
W. Carter,F. Wagner,ORL,19,17,2,11,6,0,0,2.0
W. Carter,J. Suggs,ORL,18,8,10,7,1,0,2,8.0
C. Anthony,M. Wagner,ORL,55,44,11,40,4,0,1,10.0
C. Anthony,F. Wagner,ORL,36,28,8,23,5,0,1,7.0
C. Anthony,J. Isaac,ORL,27,17,10,16,1,0,6,4.0
C. Anthony,P. Banchero,ORL,25,17,8,10,6,1,1,7.0
C. Anthony,J. Ingles,ORL,18,4,14,1,2,1,4,10.0
M. Wagner,C. Anthony,ORL,20,7,13,5,0,2,2,11.0
M. Wagner,F. Wagner,ORL,13,11,2,9,1,1,0,2.0
M. Wagner,J. Ingles,ORL,9,4,5,2,2,0,2,3.0
G. Harris,P. Banchero,ORL,15,10,5,6,3,1,1,4.0
G. Harris,F. Wagner,ORL,9,6,3,4,1,1,0,3.0
J. Ingles,M. Wagner,ORL,68,66,2,56,9,1,2,0.0
J. Ingles,C. Anthony,ORL,27,13,14,8,3,2,3,11.0
G. Bitadze,J. Suggs,ORL,17,3,14,2,0,1,1,13.0
G. Bitadze,P. Banchero,ORL,17,15,2,6,7,2,0,2.0
A. Black,P. Banchero,ORL,18,15,3,10,3,2,0,3.0
A. Black,F. Wagner,ORL,13,10,3,6,3,1,1,2.0
J. Isaac,C. Anthony,ORL,7,3,4,2,1,0,0,4.0
M. Fultz,P. Banchero,ORL,25,18,7,11,1,6,0,7.0
T. Harris,T. Maxey,PHI,34,17,17,10,7,0,7,10.0
T. Harris,K. Oubre,PHI,32,19,13,14,5,0,6,7.0
T. Harris,J. Embiid,PHI,28,25,3,13,5,7,0,3.0
T. Harris,P. Reed,PHI,20,18,2,12,3,3,0,2.0
T. Harris,N. Batum,PHI,17,4,13,3,0,1,11,2.0
T. Harris,D. Melton,PHI,17,6,11,6,0,0,5,6.0
T. Maxey,J. Embiid,PHI,109,87,22,31,24,32,1,21.0
T. Maxey,T. Harris,PHI,70,39,31,20,16,3,9,22.0
T. Maxey,K. Oubre,PHI,55,29,26,24,5,0,10,16.0
T. Maxey,P. Reed,PHI,33,32,1,17,13,2,0,1.0
T. Maxey,B. Hield,PHI,33,12,21,6,2,4,2,19.0
T. Maxey,D. Melton,PHI,21,7,14,5,2,0,4,10.0
T. Maxey,N. Batum,PHI,20,1,19,0,1,0,8,11.0
T. Maxey,P. Beverley,PHI,9,3,6,1,2,0,3,3.0
K. Oubre,P. Reed,PHI,16,13,3,8,4,1,1,2.0
K. Oubre,T. Maxey,PHI,16,7,9,5,1,1,0,9.0
K. Oubre,T. Harris,PHI,14,6,8,3,1,2,3,5.0
K. Oubre,J. Embiid,PHI,8,6,2,4,1,1,1,1.0
K. Oubre,N. Batum,PHI,4,1,3,0,1,0,2,1.0
P. Reed,T. Maxey,PHI,22,15,7,10,5,0,2,5.0
P. Reed,T. Harris,PHI,19,15,4,11,3,1,2,2.0
P. Reed,K. Oubre,PHI,18,14,4,12,2,0,2,2.0
P. Reed,B. Hield,PHI,7,5,2,4,1,0,0,2.0
P. Reed,N. Batum,PHI,4,2,2,2,0,0,0,2.0
N. Batum,J. Embiid,PHI,34,32,2,17,10,5,1,1.0
N. Batum,T. Maxey,PHI,17,13,4,6,7,0,1,3.0
N. Batum,K. Oubre,PHI,16,10,6,7,3,0,2,4.0
N. Batum,T. Harris,PHI,12,9,3,9,0,0,1,2.0
N. Batum,P. Reed,PHI,8,7,1,3,3,1,1,0.0
J. Embiid,T. Maxey,PHI,64,25,39,10,12,3,3,36.0
J. Embiid,T. Harris,PHI,50,32,18,26,4,2,4,14.0
J. Embiid,D. Melton,PHI,29,7,22,3,2,2,2,20.0
J. Embiid,K. Oubre,PHI,23,15,8,10,3,2,3,5.0
J. Embiid,N. Batum,PHI,19,9,10,8,1,0,3,7.0
D. Melton,J. Embiid,PHI,26,21,5,17,3,1,0,5.0
D. Melton,T. Maxey,PHI,19,12,7,12,0,0,0,7.0
D. Melton,T. Harris,PHI,19,17,2,14,3,0,0,2.0
B. Hield,T. Maxey,PHI,21,12,9,3,8,1,3,6.0
B. Hield,P. Reed,PHI,15,14,1,13,0,1,0,1.0
P. Beverley,T. Maxey,PHI,27,14,13,10,4,0,2,11.0
G. Allen,K. Durant,PHO,54,39,15,15,10,14,4,11.0
G. Allen,D. Booker,PHO,34,21,13,7,12,2,1,12.0
G. Allen,B. Beal,PHO,29,16,13,11,2,3,11,2.0
G. Allen,E. Gordon,PHO,29,6,23,5,1,0,8,15.0
G. Allen,J. Nurkic,PHO,26,21,5,13,8,0,0,5.0
K. Durant,J. Nurkic,PHO,88,83,5,70,13,0,0,5.0
K. Durant,D. Booker,PHO,70,43,27,24,12,7,8,19.0
K. Durant,G. Allen,PHO,44,12,32,9,3,0,7,25.0
K. Durant,E. Gordon,PHO,40,14,26,10,3,1,7,19.0
K. Durant,B. Beal,PHO,34,16,18,12,2,2,8,10.0
K. Durant,D. Eubanks,PHO,30,30,0,27,3,0,0,0.0
K. Durant,R. O'Neale,PHO,16,4,12,1,3,0,3,9.0
K. Durant,J. Okogie,PHO,6,6,0,6,0,0,0,0.0
D. Booker,K. Durant,PHO,114,64,50,27,22,15,11,39.0
D. Booker,G. Allen,PHO,90,30,60,21,9,0,23,37.0
D. Booker,E. Gordon,PHO,53,19,34,13,6,0,11,23.0
D. Booker,J. Nurkic,PHO,45,42,3,30,11,1,0,3.0
D. Booker,D. Eubanks,PHO,25,23,2,16,7,0,2,0.0
J. Nurkic,K. Durant,PHO,92,78,14,28,23,27,6,8.0
J. Nurkic,D. Booker,PHO,62,48,14,22,15,11,1,13.0
J. Nurkic,B. Beal,PHO,51,40,11,22,10,8,2,9.0
J. Nurkic,G. Allen,PHO,31,11,20,7,4,0,6,14.0
J. Nurkic,E. Gordon,PHO,22,12,10,9,2,1,2,8.0
B. Beal,K. Durant,PHO,64,40,24,7,17,16,6,18.0
B. Beal,D. Booker,PHO,47,26,21,4,16,6,7,14.0
B. Beal,G. Allen,PHO,43,10,33,5,5,0,18,15.0
B. Beal,J. Nurkic,PHO,27,27,0,19,8,0,0,0.0
B. Beal,E. Gordon,PHO,22,9,13,9,0,0,3,10.0
E. Gordon,K. Durant,PHO,35,22,13,10,9,3,1,12.0
E. Gordon,G. Allen,PHO,19,6,13,4,2,0,6,7.0
E. Gordon,D. Eubanks,PHO,15,15,0,9,6,0,0,0.0
E. Gordon,B. Beal,PHO,12,6,6,5,1,0,1,5.0
E. Gordon,D. Booker,PHO,12,10,2,5,2,3,0,2.0
E. Gordon,J. Nurkic,PHO,12,9,3,8,1,0,0,3.0
D. Eubanks,K. Durant,PHO,17,12,5,2,8,2,1,4.0
D. Eubanks,D. Booker,PHO,8,6,2,1,0,5,0,2.0
D. Eubanks,E. Gordon,PHO,5,2,3,1,1,0,0,3.0
J. Okogie,K. Durant,PHO,13,11,2,5,2,4,0,2.0
R. O'Neale,K. Durant,PHO,19,14,5,6,5,3,0,5.0
D. Ayton,J. Grant,POR,19,5,14,2,1,2,5,9.0
D. Ayton,A. Simons,POR,10,3,7,1,0,2,3,4.0
D. Ayton,J. Walker,POR,10,7,3,7,0,0,0,3.0
D. Ayton,S. Henderson,POR,8,5,3,1,2,2,0,3.0
D. Ayton,M. Thybulle,POR,7,2,5,2,0,0,0,5.0
D. Ayton,T. Camara,POR,6,5,1,3,1,1,1,0.0
J. Grant,D. Ayton,POR,32,32,0,10,13,9,0,0.0
J. Grant,M. Brogdon,POR,25,3,22,2,1,0,7,15.0
J. Grant,M. Thybulle,POR,15,6,9,4,2,0,5,4.0
J. Grant,A. Simons,POR,12,1,11,1,0,0,1,10.0
J. Grant,S. Sharpe,POR,12,6,6,4,1,1,2,4.0
J. Grant,S. Henderson,POR,11,5,6,2,2,1,0,6.0
J. Grant,T. Camara,POR,4,2,2,2,0,0,0,2.0
T. Camara,D. Ayton,POR,19,18,1,5,8,5,1,0.0
T. Camara,J. Grant,POR,11,4,7,2,1,1,4,3.0
T. Camara,A. Simons,POR,9,3,6,3,0,0,0,6.0
T. Camara,S. Henderson,POR,9,5,4,2,2,1,0,4.0
S. Henderson,D. Ayton,POR,64,64,0,23,26,15,0,0.0
S. Henderson,D. Reath,POR,46,20,26,9,11,0,5,21.0
S. Henderson,J. Walker,POR,41,28,13,25,2,1,6,7.0
S. Henderson,J. Grant,POR,32,19,13,11,4,4,9,4.0
S. Henderson,A. Simons,POR,26,4,22,2,2,0,2,20.0
S. Henderson,T. Camara,POR,23,14,9,11,3,0,4,5.0
S. Henderson,M. Thybulle,POR,15,2,13,2,0,0,10,3.0
J. Walker,M. Thybulle,POR,9,5,4,5,0,0,2,2.0
J. Walker,S. Henderson,POR,8,6,2,1,4,1,0,2.0
J. Walker,D. Ayton,POR,7,7,0,4,1,2,0,0.0
A. Simons,D. Ayton,POR,62,62,0,25,20,17,0,0.0
A. Simons,J. Grant,POR,36,24,12,11,7,6,7,5.0
A. Simons,T. Camara,POR,26,13,13,12,1,0,8,5.0
A. Simons,M. Thybulle,POR,15,4,11,2,2,0,5,6.0
A. Simons,S. Henderson,POR,10,3,7,3,0,0,2,5.0
M. Thybulle,D. Ayton,POR,14,14,0,3,7,4,0,0.0
M. Thybulle,J. Grant,POR,9,6,3,3,3,0,1,2.0
M. Thybulle,J. Walker,POR,7,6,1,5,1,0,1,0.0
M. Thybulle,S. Henderson,POR,7,5,2,5,0,0,1,1.0
M. Thybulle,A. Simons,POR,7,1,6,1,0,0,0,6.0
M. Brogdon,J. Grant,POR,62,35,27,15,13,7,6,21.0
S. Sharpe,J. Grant,POR,12,3,9,2,0,1,3,6.0
D. Reath,S. Henderson,POR,11,8,3,3,3,2,1,2.0
K. Murray,D. Sabonis,SAC,42,38,4,29,5,4,0,4.0
K. Murray,D. Fox,SAC,21,5,16,0,4,1,3,13.0
K. Murray,K. Huerter,SAC,20,9,11,3,5,1,8,3.0
K. Murray,M. Monk,SAC,16,5,11,2,2,1,5,6.0
K. Murray,H. Barnes,SAC,10,5,5,1,4,0,2,3.0
K. Murray,K. Ellis,SAC,5,2,3,1,1,0,2,1.0
K. Murray,Davion Mitchell,SAC,4,0,4,0,0,0,1,3.0
D. Sabonis,K. Murray,SAC,186,111,75,50,37,24,15,60.0
D. Sabonis,H. Barnes,SAC,111,51,60,31,18,2,21,39.0
D. Sabonis,K. Huerter,SAC,103,49,54,29,15,5,6,48.0
D. Sabonis,D. Fox,SAC,89,40,49,15,17,8,13,36.0
D. Sabonis,M. Monk,SAC,83,50,33,20,20,10,5,28.0
D. Sabonis,Davion Mitchell,SAC,28,12,16,9,2,1,4,12.0
D. Sabonis,K. Ellis,SAC,26,9,17,5,1,3,3,14.0
H. Barnes,D. Sabonis,SAC,32,28,4,13,13,2,0,4.0
H. Barnes,K. Murray,SAC,18,7,11,3,4,0,5,6.0
H. Barnes,D. Fox,SAC,16,11,5,6,5,0,0,5.0
H. Barnes,K. Huerter,SAC,12,4,8,2,2,0,3,5.0
H. Barnes,M. Monk,SAC,6,2,4,1,1,0,1,3.0
D. Fox,D. Sabonis,SAC,77,67,10,54,11,2,0,10.0
D. Fox,K. Murray,SAC,72,29,43,20,7,2,5,38.0
D. Fox,H. Barnes,SAC,55,30,25,19,9,2,14,11.0
D. Fox,K. Huerter,SAC,47,23,24,17,6,0,4,20.0
D. Fox,M. Monk,SAC,43,20,23,15,5,0,5,18.0
D. Fox,T. Lyles,SAC,34,11,23,9,2,0,5,18.0
K. Huerter,D. Sabonis,SAC,64,62,2,34,23,5,0,2.0
K. Huerter,K. Murray,SAC,24,10,14,5,3,2,4,10.0
K. Huerter,H. Barnes,SAC,21,11,10,7,4,0,5,5.0
K. Huerter,D. Fox,SAC,17,7,10,6,1,0,3,7.0
M. Monk,D. Sabonis,SAC,110,109,1,85,20,4,0,1.0
M. Monk,D. Fox,SAC,43,16,27,7,7,2,6,21.0
M. Monk,T. Lyles,SAC,34,12,22,9,3,0,10,12.0
M. Monk,H. Barnes,SAC,34,14,20,3,8,3,12,8.0
M. Monk,K. Murray,SAC,27,16,11,5,6,5,3,8.0
Davion Mitchell,D. Sabonis,SAC,26,20,6,12,6,2,0,6.0
Davion Mitchell,K. Murray,SAC,14,5,9,4,1,0,1,8.0
T. Lyles,M. Monk,SAC,10,2,8,2,0,0,1,7.0
T. Lyles,D. Fox,SAC,10,5,5,2,2,1,0,5.0
K. Ellis,D. Sabonis,SAC,18,16,2,13,2,1,0,2.0
K. Ellis,K. Murray,SAC,11,3,8,1,2,0,5,3.0
J. Sochan,D. Vassell,SAS,54,29,25,10,10,9,9,16.0
J. Sochan,V. Wembanyama,SAS,49,36,13,21,11,4,0,13.0
J. Sochan,Z. Collins,SAS,37,20,17,15,3,2,3,14.0
J. Sochan,K. Johnson,SAS,26,12,14,9,3,0,5,9.0
J. Sochan,Tre Jones,SAS,16,10,6,6,3,1,4,2.0
J. Sochan,J. Champagnie,SAS,14,6,8,5,1,0,2,6.0
D. Vassell,V. Wembanyama,SAS,87,67,20,47,16,4,1,19.0
D. Vassell,J. Sochan,SAS,40,19,21,11,6,2,5,16.0
D. Vassell,K. Johnson,SAS,35,14,21,9,4,1,12,9.0
D. Vassell,Z. Collins,SAS,28,26,2,16,7,3,1,1.0
D. Vassell,Tre Jones,SAS,24,14,10,8,6,0,7,3.0
D. Vassell,J. Champagnie,SAS,14,4,10,3,0,1,4,6.0
Tre Jones,V. Wembanyama,SAS,105,78,27,51,18,9,3,24.0
Tre Jones,D. Vassell,SAS,89,46,43,24,16,6,14,29.0
Tre Jones,J. Sochan,SAS,45,31,14,21,9,1,9,5.0
Tre Jones,K. Johnson,SAS,45,28,17,20,6,2,2,15.0
Tre Jones,J. Champagnie,SAS,42,14,28,11,3,0,11,17.0
V. Wembanyama,D. Vassell,SAS,50,34,16,12,13,9,6,10.0
V. Wembanyama,J. Sochan,SAS,43,40,3,34,3,3,1,2.0
V. Wembanyama,Tre Jones,SAS,42,33,9,31,2,0,4,5.0
V. Wembanyama,M. Branham,SAS,32,23,9,19,3,1,4,5.0
V. Wembanyama,J. Champagnie,SAS,24,10,14,8,2,0,4,10.0
V. Wembanyama,K. Johnson,SAS,15,11,4,9,2,0,2,2.0
K. Johnson,V. Wembanyama,SAS,35,28,7,18,6,4,1,6.0
K. Johnson,C. Osman,SAS,26,13,13,11,2,0,4,9.0
K. Johnson,J. Sochan,SAS,26,20,6,15,3,2,2,4.0
K. Johnson,Z. Collins,SAS,26,20,6,9,8,3,0,6.0
K. Johnson,M. Branham,SAS,22,12,10,4,5,3,3,7.0
K. Johnson,D. Vassell,SAS,20,12,8,7,1,4,1,7.0
K. Johnson,Tre Jones,SAS,8,4,4,4,0,0,2,2.0
J. Champagnie,V. Wembanyama,SAS,18,13,5,10,2,1,0,5.0
J. Champagnie,J. Sochan,SAS,14,10,4,9,1,0,2,2.0
J. Champagnie,Tre Jones,SAS,11,5,6,5,0,0,4,2.0
J. Champagnie,D. Vassell,SAS,11,7,4,4,2,1,2,2.0
Z. Collins,D. Vassell,SAS,47,37,10,24,4,9,2,8.0
Z. Collins,K. Johnson,SAS,34,21,13,12,9,0,4,9.0
Z. Collins,J. Sochan,SAS,23,17,6,13,3,1,2,4.0
M. Branham,V. Wembanyama,SAS,38,27,11,17,8,2,2,9.0
M. Branham,K. Johnson,SAS,23,12,11,7,5,0,5,6.0
C. Osman,K. Johnson,SAS,21,11,10,10,1,0,2,8.0
D. Schroder,P. Siakam,TOR,63,47,16,26,19,2,6,10.0
D. Schroder,S. Barnes,TOR,51,25,26,14,5,6,2,24.0
D. Schroder,J. Poeltl,TOR,47,47,0,33,14,0,0,0.0
D. Schroder,O. Anunoby,TOR,44,23,21,17,5,1,9,12.0
D. Schroder,G. Trent,TOR,28,7,21,2,2,3,4,17.0
P. Siakam,S. Barnes,TOR,39,21,18,15,5,1,6,12.0
P. Siakam,D. Schroder,TOR,34,13,21,6,3,4,5,16.0
P. Siakam,J. Poeltl,TOR,31,31,0,23,8,0,0,0.0
P. Siakam,O. Anunoby,TOR,26,12,14,11,0,1,8,6.0
P. Siakam,G. Trent,TOR,20,4,16,2,0,2,2,14.0
S. Barnes,P. Siakam,TOR,48,40,8,30,10,0,4,4.0
S. Barnes,J. Poeltl,TOR,48,48,0,35,13,0,0,0.0
S. Barnes,G. Trent,TOR,39,7,32,3,3,1,6,26.0
S. Barnes,O. Anunoby,TOR,28,16,12,14,1,1,8,4.0
S. Barnes,R. Barrett,TOR,27,17,10,16,1,0,4,6.0
S. Barnes,I. Quickley,TOR,27,6,21,3,3,0,3,18.0
S. Barnes,D. Schroder,TOR,26,13,13,9,1,3,5,8.0
G. Trent,S. Barnes,TOR,12,7,5,5,1,1,1,4.0
G. Trent,D. Schroder,TOR,12,3,9,1,1,1,2,7.0
G. Trent,R. Barrett,TOR,9,8,1,7,1,0,0,1.0
G. Trent,P. Siakam,TOR,8,8,0,2,6,0,0,0.0
G. Trent,I. Quickley,TOR,7,3,4,0,3,0,0,4.0
G. Trent,J. Poeltl,TOR,7,7,0,3,4,0,0,0.0
J. Poeltl,P. Siakam,TOR,34,27,7,18,9,0,3,4.0
J. Poeltl,S. Barnes,TOR,24,19,5,15,3,1,0,5.0
J. Poeltl,D. Schroder,TOR,16,16,0,9,3,4,0,0.0
J. Poeltl,O. Anunoby,TOR,15,12,3,7,3,2,0,3.0
J. Poeltl,G. Trent,TOR,7,6,1,2,3,1,1,0.0
R. Barrett,I. Quickley,TOR,24,7,17,2,3,2,5,12.0
R. Barrett,G. Trent,TOR,20,6,14,1,2,3,2,12.0
R. Barrett,S. Barnes,TOR,18,10,8,10,0,0,2,6.0
I. Quickley,R. Barrett,TOR,61,46,15,39,7,0,4,11.0
I. Quickley,G. Trent,TOR,44,16,28,7,7,2,6,22.0
I. Quickley,S. Barnes,TOR,27,16,11,11,5,0,1,
O. Anunoby,D. Schroder,TOR,16,8,8,4,1,3,2,6.0
O. Anunoby,J. Poeltl,TOR,15,15,0,9,6,0,0,0.0
O. Anunoby,S. Barnes,TOR,11,4,7,2,1,1,1,6.0
O. Anunoby,P. Siakam,TOR,10,7,3,3,4,0,1,2.0
G. Dick,K. Olynyk,TOR,5,2,3,1,1,0,2,1.0
K. Olynyk,G. Dick,TOR,21,16,5,12,2,2,0,5.0
J. Collins,C. Sexton,UTA,21,12,9,8,2,2,0,9.0
J. Collins,K. George,UTA,16,7,9,2,4,1,0,9.0
J. Collins,L. Markkanen,UTA,15,10,5,8,2,0,1,4.0
J. Collins,J. Clarkson,UTA,8,5,3,2,1,2,1,2.0
J. Collins,S. Fontecchio,UTA,6,3,3,2,1,0,1,2.0
J. Collins,K. Olynyk,UTA,3,3,0,0,1,2,0,0.0
C. Sexton,J. Collins,UTA,84,67,17,48,17,2,3,14.0
C. Sexton,L. Markkanen,UTA,69,31,38,13,15,3,4,34.0
C. Sexton,S. Fontecchio,UTA,31,7,24,3,4,0,12,12.0
C. Sexton,W. Kessler,UTA,31,31,0,31,0,0,0,0.0
C. Sexton,K. George,UTA,22,7,15,3,3,1,3,12.0
C. Sexton,K. Dunn,UTA,15,7,8,2,5,0,2,6.0
L. Markkanen,C. Sexton,UTA,23,10,13,5,3,2,6,7.0
L. Markkanen,J. Collins,UTA,17,12,5,8,4,0,3,2.0
L. Markkanen,K. George,UTA,12,2,10,1,1,0,3,7.0
L. Markkanen,W. Kessler,UTA,10,9,1,9,0,0,1,0.0
L. Markkanen,K. Dunn,UTA,10,3,7,2,0,1,4,3.0
L. Markkanen,J. Clarkson,UTA,9,4,5,2,1,1,2,3.0
L. Markkanen,S. Fontecchio,UTA,4,2,2,1,0,1,2,0.0
K. George,L. Markkanen,UTA,61,31,30,17,13,1,5,25.0
K. George,J. Collins,UTA,48,33,15,18,12,3,6,9.0
K. George,J. Clarkson,UTA,45,29,16,10,17,2,2,14.0
K. George,C. Sexton,UTA,25,18,7,5,11,2,4,3.0
K. George,W. Kessler,UTA,20,20,0,19,1,0,0,0.0
J. Clarkson,L. Markkanen,UTA,63,29,34,18,8,3,10,24.0
J. Clarkson,J. Collins,UTA,49,36,13,20,15,1,9,4.0
J. Clarkson,W. Kessler,UTA,35,34,1,31,3,0,1,0.0
J. Clarkson,K. George,UTA,31,11,20,4,5,2,5,15.0
J. Clarkson,K. Olynyk,UTA,23,15,8,12,3,0,4,4.0
W. Kessler,K. George,UTA,14,3,11,2,1,0,2,9.0
W. Kessler,C. Sexton,UTA,11,7,4,3,4,0,3,1.0
W. Kessler,L. Markkanen,UTA,7,3,4,0,3,0,2,2.0
W. Kessler,J. Clarkson,UTA,6,2,4,1,1,0,3,1.0
S. Fontecchio,C. Sexton,UTA,18,13,5,9,3,1,4,1.0
S. Fontecchio,L. Markkanen,UTA,18,12,6,4,6,2,1,5.0
S. Fontecchio,J. Collins,UTA,8,6,2,3,3,0,1,1.0
K. Dunn,L. Markkanen,UTA,48,21,27,12,9,0,5,22.0
K. Dunn,J. Collins,UTA,41,29,12,19,8,2,4,8.0
K. Dunn,C. Sexton,UTA,39,19,20,17,2,0,2,18.0
K. Olynyk,J. Clarkson,UTA,36,28,8,14,11,3,1,7.0
Tyus Jones,K. Kuzma,WAS,171,107,64,66,28,13,20,44.0
Tyus Jones,D. Avdija,WAS,71,49,22,41,8,0,11,11.0
Tyus Jones,J. Poole,WAS,64,31,33,21,6,4,8,25.0
Tyus Jones,C. Kispert,WAS,58,22,36,15,7,0,8,28.0
Tyus Jones,D. Gafford,WAS,40,40,0,27,12,1,0,0.0
Tyus Jones,B. Coulibaly,WAS,28,16,12,15,1,0,10,2.0
K. Kuzma,Tyus Jones,WAS,58,29,29,13,14,2,12,17.0
K. Kuzma,J. Poole,WAS,51,24,27,18,3,3,8,19.0
K. Kuzma,D. Avdija,WAS,42,30,12,25,4,1,8,4.0
K. Kuzma,C. Kispert,WAS,38,22,16,16,5,1,7,9.0
K. Kuzma,D. Gafford,WAS,37,37,0,28,7,2,0,0.0
K. Kuzma,B. Coulibaly,WAS,30,16,14,14,1,1,8,6.0
J. Poole,C. Kispert,WAS,71,28,43,21,5,2,7,36.0
J. Poole,D. Avdija,WAS,55,40,15,27,11,2,5,10.0
J. Poole,K. Kuzma,WAS,51,34,17,20,10,4,7,10.0
J. Poole,Tyus Jones,WAS,32,14,18,8,6,0,6,12.0
J. Poole,D. Gafford,WAS,29,29,0,23,6,0,0,0.0
J. Poole,B. Coulibaly,WAS,11,6,5,5,1,0,2,3.0
D. Avdija,K. Kuzma,WAS,56,45,11,33,9,3,5,6.0
D. Avdija,C. Kispert,WAS,47,22,25,17,4,1,6,19.0
D. Avdija,J. Poole,WAS,34,23,11,15,6,2,1,10.0
D. Avdija,D. Gafford,WAS,27,27,0,24,3,0,0,0.0
D. Avdija,Tyus Jones,WAS,27,13,14,7,5,1,4,10.0
D. Avdija,B. Coulibaly,WAS,19,10,9,10,0,0,4,5.0
C. Kispert,J. Poole,WAS,23,5,18,2,2,1,1,17.0
C. Kispert,D. Avdija,WAS,21,17,4,11,4,2,1,3.0
C. Kispert,K. Kuzma,WAS,18,11,7,7,4,0,2,5.0
C. Kispert,Tyus Jones,WAS,12,5,7,1,4,0,1,6.0
C. Kispert,L. Shamet,WAS,12,8,4,3,2,3,1,3.0
C. Kispert,B. Coulibaly,WAS,8,5,3,2,3,0,3,0.0
D. Gafford,Tyus Jones,WAS,24,20,4,7,11,2,2,2.0
D. Gafford,J. Poole,WAS,18,15,3,6,4,5,0,3.0
D. Gafford,K. Kuzma,WAS,13,12,1,10,2,0,0,1.0
D. Gafford,D. Avdija,WAS,11,9,2,5,2,2,2,0.0
B. Coulibaly,K. Kuzma,WAS,22,14,8,9,5,0,2,6.0
B. Coulibaly,C. Kispert,WAS,16,6,10,5,1,0,2,8.0
B. Coulibaly,Tyus Jones,WAS,11,4,7,1,3,0,1,6.0
B. Coulibaly,J. Poole,WAS,10,7,3,6,1,0,0,3.0
B. Coulibaly,D. Avdija,WAS,9,4,5,3,1,0,1,4.0
L. Shamet,C. Kispert,WAS,13,5,8,5,0,0,0,8.0
